date,seven_day_ema
2024-06-28,491.4087
2024-06-27,490.6114
2024-06-26,489.8803
2024-06-25,489.2039
2024-06-24,488.4643
2024-06-21,487.6518
2024-06-20,486.7784
2024-06-18,485.6359
2024-06-17,484.5582
2024-06-14,483.7202
2024-06-13,482.9083
2024-06-12,481.9002
2024-06-11,480.9167
2024-06-10,480.3424
2024-06-07,479.7847
2024-06-06,479.1625
2024-06-05,478.4087
2024-06-04,477.8758
2024-06-03,477.5720
2024-05-31,477.0893
2024-05-30,476.9209
2024-05-29,476.6805
2024-05-28,476.3500
2024-05-24,475.7074
2024-05-23,475.1730
2024-05-22,474.2767
2024-05-21,473.4643
2024-05-20,472.6825
2024-05-17,471.8295
2024-05-16,470.9652
2024-05-15,469.9752
2024-05-14,469.1720
2024-05-13,468.6129
2024-05-10,467.9212
2024-05-09,467.2271
2024-05-08,466.7669
2024-05-07,466.4124
2024-05-06,465.8884
2024-05-03,465.5675
2024-05-02,465.3935
2024-05-01,465.6473
2024-04-30,466.0966
2024-04-29,466.1198
2024-04-26,466.0471
2024-04-25,466.2106
2024-04-24,466.8362
2024-04-23,467.0376
2024-04-22,467.5546
2024-04-19,468.3567
2024-04-18,469.1152
2024-04-17,469.7631
2024-04-16,470.1979
2024-04-15,470.7357
2024-04-12,470.6631
2024-04-11,470.6337
2024-04-10,470.5190
2024-04-09,470.5388
2024-04-08,470.1152
2024-04-05,469.7470
2024-04-04,469.6489
2024-04-03,468.9702
2024-04-02,468.6130
2024-04-01,468.1975
2024-03-28,467.4022
2024-03-27,466.5912
2024-03-26,465.8178
2024-03-25,465.0219
2024-03-22,464.2626
2024-03-21,463.3038
2024-03-20,462.1964
2024-03-19,461.4976
2024-03-18,460.9793
2024-03-15,460.3055
2024-03-14,459.8277
2024-03-13,458.9915
2024-03-12,458.0874
2024-03-11,457.3532
2024-03-08,456.7546
2024-03-07,455.8017
2024-03-06,454.9297
2024-03-05,454.1606
2024-03-04,453.3590
2024-03-01,452.3884
2024-02-29,451.5413
2024-02-28,450.6947
2024-02-27,449.9596
2024-02-26,449.0902
2024-02-23,448.0595
2024-02-22,446.8960
2024-02-21,445.9859
2024-02-20,445.5542
2024-02-16,444.9475
2024-02-15,444.0496
2024-02-14,443.2391
2024-02-13,442.5319
2024-02-12,441.9196
2024-02-09,440.8450
2024-02-08,439.8382
2024-02-07,438.8119
2024-02-06,437.8286
2024-02-05,436.9535
2024-02-02,436.0077
2024-02-01,435.2516
2024-01-31,434.7625
2024-01-30,433.9870
2024-01-29,433.0346
2024-01-26,432.1954
2024-01-25,431.3071
2024-01-24,430.3549
2024-01-23,429.3247
2024-01-22,428.4625
2024-01-19,427.5449
2024-01-18,426.9593
2024-01-17,426.5676
2024-01-16,426.2845
2024-01-12,425.7634
2024-01-11,425.0474
2024-01-10,424.2936
2024-01-09,423.7051
2024-01-08,423.2232
2024-01-05,422.9252
2024-01-04,422.6656
2024-01-03,422.3374
2024-01-02,421.8502
2023-12-29,421.2206
2023-12-28,420.2762
2023-12-27,419.2407
2023-12-26,418.2266
2023-12-22,417.2268
2023-12-21,416.1721
2023-12-20,415.2042
2023-12-19,414.0066
2023-12-18,412.8147
2023-12-15,411.6360
2023-12-14,410.4750
2023-12-13,409.1636
2023-12-12,408.2625
2023-12-11,407.4807
2023-12-08,406.7684
2023-12-07,406.1462
2023-12-06,405.5193
2023-12-05,404.7263
2023-12-04,404.1017
2023-12-01,403.4129
2023-11-30,402.6643
2023-11-29,401.8839
2023-11-28,400.9460
2023-11-27,400.1351
2023-11-24,399.2314
2023-11-22,398.2380
2023-11-21,397.1844
2023-11-20,396.1720
2023-11-17,395.2542
2023-11-16,394.2766
2023-11-15,393.3133
2023-11-14,392.2290
2023-11-13,391.3088
2023-11-10,390.7650
2023-11-09,390.3884
2023-11-08,389.8343
2023-11-07,389.2980
2023-11-06,388.8427
2023-11-03,388.3656
2023-11-02,388.0056
2023-11-01,388.0294
2023-10-31,388.5214
2023-10-30,389.2343
2023-10-27,390.1628
2023-10-26,391.1130
2023-10-25,391.9855
2023-10-24,392.5791
2023-10-23,393.1673
2023-10-20,393.9871
2023-10-19,394.4609
2023-10-18,394.6543
2023-10-17,394.6619
2023-10-16,394.7560
2023-10-13,394.7924
2023-10-12,394.7467
2023-10-11,394.5839
2023-10-10,394.4925
2023-10-09,394.5653
2023-10-06,394.9822
2023-10-05,395.7764
2023-10-04,396.4752
2023-10-03,397.3696
2023-10-02,398.1313
2023-09-29,398.8555
2023-09-28,399.3077
2023-09-27,400.1832
2023-09-26,401.0180
2023-09-25,401.7827
2023-09-22,402.5973
2023-09-21,403.2619
2023-09-20,403.7681
2023-09-19,403.7887
2023-09-18,403.8950
2023-09-15,403.9841
2023-09-14,403.8239
2023-09-13,403.6302
2023-09-12,403.6025
2023-09-11,403.5274
2023-09-08,403.3669
2023-09-07,403.4033
2023-09-06,403.5544
2023-09-05,403.3808
2023-09-01,403.0526
2023-08-31,402.5481
2023-08-30,402.1093
2023-08-29,401.7728
2023-08-28,401.8379
2023-08-25,401.9361
2023-08-24,402.2639
2023-08-23,402.2391
2023-08-22,402.5552
2023-08-21,402.7714
2023-08-18,403.2207
2023-08-17,403.9708
2023-08-16,404.2860
2023-08-15,404.5373
2023-08-14,404.5682
2023-08-11,404.7051
2023-08-10,404.8929
2023-08-09,404.8320
2023-08-08,404.7085
2023-08-07,404.6376
2023-08-04,404.5259
2023-08-03,404.2800
2023-08-02,404.1850
2023-08-01,403.7586
2023-07-31,403.1126
2023-07-28,402.3500
2023-07-27,401.6292
2023-07-26,400.6643
2023-07-25,399.9163
2023-07-24,399.1535
2023-07-21,398.3719
2023-07-20,397.5005
2023-07-19,396.5560
2023-07-18,395.4941
2023-07-17,394.6417
2023-07-14,393.8161
2023-07-13,392.8459
2023-07-12,391.9718
2023-07-11,391.1293
2023-07-10,390.5969
2023-07-07,390.1733
2023-07-06,389.6932
2023-07-05,389.1291
2023-07-03,388.3746
2023-06-30,387.5061
2023-06-29,386.6811
2023-06-28,386.1254
2023-06-27,385.5867
2023-06-26,385.1835
2023-06-23,384.7363
2023-06-22,384.2386
2023-06-21,383.6423
2023-06-20,382.8674
2023-06-16,381.9592
2023-06-15,380.6364
2023-06-14,379.7429
2023-06-13,378.7465
2023-06-12,377.7890
2023-06-09,377.0389
2023-06-08,376.3001
2023-06-07,375.7195
2023-06-06,374.9831
2023-06-05,374.3055
2023-06-02,373.4804
2023-06-01,372.8325
2023-05-31,372.5381
2023-05-30,372.2158
2023-05-26,371.6378
2023-05-25,371.4342
2023-05-24,371.2606
2023-05-23,371.2158
2023-05-22,370.8782
2023-05-19,370.4178
2023-05-18,369.8335
2023-05-17,369.5312
2023-05-16,369.3712
2023-05-15,369.2313
2023-05-12,369.0581
2023-05-11,368.7978
2023-05-10,368.6129
2023-05-09,368.2927
2023-05-08,368.1245
2023-05-05,367.8295
2023-05-04,367.7627
2023-05-03,367.8199
2023-05-02,367.6054
2023-05-01,367.1630
2023-04-28,366.6447
2023-04-27,366.3405
2023-04-26,366.2962
2023-04-25,366.2644
2023-04-24,365.9921
2023-04-21,365.6131
2023-04-20,365.1943
2023-04-19,364.8077
2023-04-18,364.3300
2023-04-17,363.6089
2023-04-14,363.0411
2023-04-13,362.4051
2023-04-12,361.9526
2023-04-11,361.3004
2023-04-10,360.7048
2023-04-06,360.2948
2023-04-05,359.8484
2023-04-04,359.3009
2023-04-03,358.4800
2023-03-31,357.7779
2023-03-30,357.2858
2023-03-29,356.7971
2023-03-28,356.5340
2023-03-27,356.5140
2023-03-24,356.3447
2023-03-23,356.5526
2023-03-22,356.5707
2023-03-21,356.3677
2023-03-20,356.2423
2023-03-17,356.5094
2023-03-16,356.6405
2023-03-15,357.2675
2023-03-14,358.0104
2023-03-13,358.5067
2023-03-10,359.5845
2023-03-09,360.1590
2023-03-08,360.2324
2023-03-07,360.3945
2023-03-06,360.1956
2023-03-03,359.9405
2023-03-02,360.0028
2023-03-01,360.5064
2023-02-28,360.8741
2023-02-27,361.1545
2023-02-24,361.2872
2023-02-23,361.7107
2023-02-22,361.7752
2023-02-21,361.9715
2023-02-17,361.9643
2023-02-16,361.7692
2023-02-15,361.3934
2023-02-14,360.8913
2023-02-13,360.2999
2023-02-10,359.8236
2023-02-09,359.4929
2023-02-08,358.6022
2023-02-07,357.7363
2023-02-06,357.0737
2023-02-03,356.3124
2023-02-02,355.3870
2023-02-01,354.1942
2023-01-31,353.5131
2023-01-30,353.0432
2023-01-27,352.4371
2023-01-26,351.7393
2023-01-25,351.0224
2023-01-24,350.7064
2023-01-23,350.1804
2023-01-20,349.7571
2023-01-19,349.7131
2023-01-18,349.7127
2023-01-17,349.1115
2023-01-13,348.5012
2023-01-12,348.1528
2023-01-11,347.5916
2023-01-10,347.2662
2023-01-09,347.2264
2023-01-06,346.9890
2023-01-05,347.2166
2023-01-04,347.5179
2023-01-03,347.7475
2022-12-30,347.9202
2022-12-29,348.3334
2022-12-28,348.8343
2022-12-27,349.2681
2022-12-23,349.6414
2022-12-22,350.2312
2022-12-21,350.6561
2022-12-20,351.0955
2022-12-19,351.8180
2022-12-16,352.3210
2022-12-15,352.7568
2022-12-14,352.7649
2022-12-13,352.3288
2022-12-12,351.3252
2022-12-09,351.2474
2022-12-08,351.1159
2022-12-07,350.9666
2022-12-06,350.9465
2022-12-05,350.5199
2022-12-02,349.7827
2022-12-01,349.1033
2022-11-30,347.9604
2022-11-29,347.5720
2022-11-28,347.1247
2022-11-25,346.4499
2022-11-23,345.5588
2022-11-22,344.7525
2022-11-21,344.0717
2022-11-18,343.4608
2022-11-17,342.6272
2022-11-16,342.1830
2022-11-15,341.3124
2022-11-14,340.1166
2022-11-11,339.1121
2022-11-10,338.0974
2022-11-09,337.4938
2022-11-08,337.3477
2022-11-07,337.1158
2022-11-04,337.0792
2022-11-03,337.0837
2022-11-02,337.4286
2022-11-01,337.0298
2022-10-31,336.2177
2022-10-28,335.5757
2022-10-27,335.3001
2022-10-26,334.8035
2022-10-25,334.3632
2022-10-24,334.0703
2022-10-21,333.9317
2022-10-20,334.4511
2022-10-19,334.8272
2022-10-18,335.1709
2022-10-17,335.1599
2022-10-14,335.8264
2022-10-13,336.2672
2022-10-12,337.9313
2022-10-11,339.1526
2022-10-10,340.4548
2022-10-07,341.4932
2022-10-06,342.2939
2022-10-05,342.7405
2022-10-04,343.3562
2022-10-03,344.0801
2022-09-30,345.5483
2022-09-29,347.0655
2022-09-28,348.3800
2022-09-27,349.9428
2022-09-26,351.3765
2022-09-23,353.0134
2022-09-22,354.5059
2022-09-21,355.7360
2022-09-20,356.4609
2022-09-19,357.3027
2022-09-16,358.3749
2022-09-15,359.4034
2022-09-14,360.0620
2022-09-13,360.6711
2022-09-12,360.8706
2022-09-09,360.6510
2022-09-08,360.7890
2022-09-07,361.3951
2022-09-06,362.3447
2022-09-02,363.1927
2022-09-01,363.6590
2022-08-31,364.6150
2022-08-30,365.2021
2022-08-29,365.5831
2022-08-26,366.0927
2022-08-25,365.5832
2022-08-24,365.2917
2022-08-23,365.1712
2022-08-22,364.9983
2022-08-19,364.5549
2022-08-18,363.5952
2022-08-17,362.4545
2022-08-16,361.2926
2022-08-15,359.9383
2022-08-12,358.6743
2022-08-11,357.4928
2022-08-10,356.1684
2022-08-09,355.0118
2022-08-08,354.1743
2022-08-05,353.0947
2022-08-04,352.2833
2022-08-03,351.1334
2022-08-02,350.1507
2022-08-01,349.1724
2022-07-29,348.1259
2022-07-28,347.1002
2022-07-27,346.3584
2022-07-26,346.0285
2022-07-25,345.7005
2022-07-22,345.2349
2022-07-21,344.5469
2022-07-20,344.1007
2022-07-19,343.7347
2022-07-18,343.7275
2022-07-15,343.5849
2022-07-14,343.7825
2022-07-13,344.5495
2022-07-12,345.2806
2022-07-11,345.5371
2022-07-08,345.6616
2022-07-07,345.7234
2022-07-06,345.9162
2022-07-05,346.3080
2022-07-01,347.1109
2022-06-30,347.9238
2022-06-29,348.8115
2022-06-28,349.4564
2022-06-27,349.5992
2022-06-24,349.6907
2022-06-23,350.3853
2022-06-22,351.4206
2022-06-21,352.8965
2022-06-17,354.4003
2022-06-16,356.3991
2022-06-15,358.3248
2022-06-14,359.9615
2022-06-13,361.7410
2022-06-10,363.4609
2022-06-09,364.3800
2022-06-08,364.4768
2022-06-07,364.2969
2022-06-06,364.4599
2022-06-03,364.2236
2022-06-02,364.1187
2022-06-01,364.1862
2022-05-31,363.9124
2022-05-27,363.7116
2022-05-26,363.8488
2022-05-25,364.5608
2022-05-24,365.7147
2022-05-23,366.9275
2022-05-20,368.2081
2022-05-19,369.5556
2022-05-18,371.2782
2022-05-17,372.2008
2022-05-16,373.0087
2022-05-13,374.2682
2022-05-12,375.8128
2022-05-11,377.9227
2022-05-10,379.6368
2022-05-09,381.0746
2022-05-06,382.5810
2022-05-05,383.8153
2022-05-04,384.3224
2022-05-03,385.3215
2022-05-02,386.5047
2022-04-29,387.9577
2022-04-28,388.8037
2022-04-27,389.7872
2022-04-26,391.1532
2022-04-25,392.0879
2022-04-22,393.2187
2022-04-21,393.6124
2022-04-20,393.3208
2022-04-19,393.1128
2022-04-18,393.4387
2022-04-14,393.8557
2022-04-13,393.8908
2022-04-12,394.2711
2022-04-11,394.3608
2022-04-08,394.3789
2022-04-07,394.1754
2022-04-06,394.1075
2022-04-05,393.9578
2022-04-04,393.2788
2022-04-01,392.6933
2022-03-31,392.0522
2022-03-30,391.0814
2022-03-29,389.8913
2022-03-28,388.6391
2022-03-25,387.7969
2022-03-24,386.9438
2022-03-23,386.3579
2022-03-22,385.6713
2022-03-21,385.0009
2022-03-18,384.3745
2022-03-17,384.0936
2022-03-16,384.1473
2022-03-15,384.4130
2022-03-14,385.3363
2022-03-11,386.2430
2022-03-10,386.7779
2022-03-09,387.6932
2022-03-08,388.5098
2022-03-07,389.7223
2022-03-04,390.2909
2022-03-03,390.8854
2022-03-02,390.9845
2022-03-01,391.5745
2022-02-28,392.0533
2022-02-25,392.7529
2022-02-24,393.6485
2022-02-23,395.7459
2022-02-22,396.6629
2022-02-18,397.6890
2022-02-17,398.4476
2022-02-16,398.9044
2022-02-15,399.3457
2022-02-14,399.8187
2022-02-11,400.5729
2022-02-10,400.8010
2022-02-09,400.9267
2022-02-08,400.8211
2022-02-07,401.2274
2022-02-04,401.4953
2022-02-03,401.9733
2022-02-02,402.2024
2022-02-01,402.1562
2022-01-31,402.4146
2022-01-28,403.2657
2022-01-27,404.6960
2022-01-26,405.8861
2022-01-25,406.9773
2022-01-24,408.6404
2022-01-21,410.4786
2022-01-20,411.6179
2022-01-19,412.3411
2022-01-18,412.8489
2022-01-14,413.2956
2022-01-13,413.6852
2022-01-12,413.4289
2022-01-11,413.1901
2022-01-10,413.3248
2022-01-07,413.6212
2022-01-06,413.6179
2022-01-05,413.6149
2022-01-04,413.0428
2022-01-03,412.3118
2021-12-31,411.7062
2021-12-30,411.1052
2021-12-29,410.3195
2021-12-28,409.5387
2021-12-27,408.6523
2021-12-23,408.0562
2021-12-22,407.6226
2021-12-21,407.5212
2021-12-20,407.6648
2021-12-17,408.0679
2021-12-16,408.0720
2021-12-15,407.5008
2021-12-14,407.4486
2021-12-13,407.4133
2021-12-10,406.9421
2021-12-09,406.4992
2021-12-08,406.0904
2021-12-07,405.6212
2021-12-06,405.3818
2021-12-03,405.6262
2021-12-02,405.7084
2021-12-01,406.3050
2021-11-30,406.2786
2021-11-29,406.2287
2021-11-26,406.0491
2021-11-24,405.9576
2021-11-23,405.6371
2021-11-22,405.2277
2021-11-19,404.5681
2021-11-18,403.9330
2021-11-17,403.2826
2021-11-16,402.6005
2021-11-15,401.9850
2021-11-12,401.2326
2021-11-11,400.6457
2021-11-10,400.0157
2021-11-09,399.3164
2021-11-08,398.3396
2021-11-05,397.2744
2021-11-04,396.1574
2021-11-03,395.2080
2021-11-02,394.4381
2021-11-01,393.6806
2021-10-29,392.8683
2021-10-28,392.2668
2021-10-27,391.6483
2021-10-26,390.9290
2021-10-25,390.1198
2021-10-22,389.4286
2021-10-21,388.7597
2021-10-20,388.1240
2021-10-19,387.4868
2021-10-18,386.9377
2021-10-15,386.6508
2021-10-14,386.2965
2021-10-13,386.2627
2021-10-12,386.4948
2021-10-11,386.6828
2021-10-08,386.7940
2021-10-07,386.7720
2021-10-06,386.8126
2021-10-05,387.4124
2021-10-04,387.9934
2021-10-01,388.4453
2021-09-30,389.0535
2021-09-29,389.3982
2021-09-28,389.8162
2021-09-27,389.9903
2021-09-24,389.9875
2021-09-23,390.0667
2021-09-22,390.2477
2021-09-21,390.6742
2021-09-20,391.0979
2021-09-17,391.6529
2021-09-16,391.6376
2021-09-15,391.5607
2021-09-14,391.6418
2021-09-13,391.5157
2021-09-10,391.3481
2021-09-09,391.0259
2021-09-08,390.7046
2021-09-07,390.3486
2021-09-03,389.8535
2021-09-02,389.3697
2021-09-01,388.7721
2021-08-31,388.1827
2021-08-30,387.5784
2021-08-27,386.9983
2021-08-26,386.6133
2021-08-25,386.1147
2021-08-24,385.6049
2021-08-23,385.0704
2021-08-20,384.6736
2021-08-19,384.5504
2021-08-18,384.6552
2021-08-17,384.3634
2021-08-16,383.9732
2021-08-13,383.5363
2021-08-12,383.0080
2021-08-11,382.5631
2021-08-10,382.0757
2021-08-09,381.6265
2021-08-06,381.1569
2021-08-05,380.6752
2021-08-04,380.2750
2021-08-03,379.8728
2021-08-02,379.5239
2021-07-30,379.0390
2021-07-29,378.6648
2021-07-28,378.1483
2021-07-27,377.6087
2021-07-26,377.0134
2021-07-23,376.4120
2021-07-22,375.8844
2021-07-21,375.4824
2021-07-20,375.1995
2021-07-19,375.3012
2021-07-16,375.3812
2021-07-15,374.8701
2021-07-14,374.3961
2021-07-13,373.7367
2021-07-12,373.0963
2021-07-09,372.4632
2021-07-08,371.9622
2021-07-07,371.6526
2021-07-06,371.0272
2021-07-02,370.3522
2021-07-01,369.7570
2021-06-30,369.2887
2021-06-29,368.8922
2021-06-28,368.4268
2021-06-25,367.9722
2021-06-24,367.5605
2021-06-23,367.1866
2021-06-22,366.8881
2021-06-21,366.7075
2021-06-18,366.7599
2021-06-17,366.7968
2021-06-16,366.6506
2021-06-15,366.3106
2021-06-14,365.8991
2021-06-11,365.5210
2021-06-10,365.1305
2021-06-09,364.7880
2021-06-08,364.4074
2021-06-07,364.0058
2021-06-04,363.6080
2021-06-03,363.2950
2021-06-02,363.1337
2021-06-01,362.8117
2021-05-28,362.3328
2021-05-27,361.9175
2021-05-26,361.5226
2021-05-25,361.1787
2021-05-24,360.7250
2021-05-21,360.4180
2021-05-20,360.1200
2021-05-19,360.1073
2021-05-18,360.3898
2021-05-17,360.1542
2021-05-14,359.9253
2021-05-13,359.8178
2021-05-12,360.0704
2021-05-11,360.0891
2021-05-10,359.9969
2021-05-07,359.3298
2021-05-06,358.7736
2021-05-05,358.4259
2021-05-04,357.9584
2021-05-03,357.5373
2021-04-30,356.8877
2021-04-29,356.3016
2021-04-28,355.5117
2021-04-27,354.8182
2021-04-26,354.0703
2021-04-23,353.3017
2021-04-22,352.7532
2021-04-21,351.9863
2021-04-20,351.4317
2021-04-19,350.6938
2021-04-16,349.7652
2021-04-15,348.7110
2021-04-14,347.7960
2021-04-13,346.8750
2021-04-12,345.9619
2021-04-09,345.0300
2021-04-08,344.1833
2021-04-07,343.3079
2021-04-06,342.4921
2021-04-05,341.6267
2021-04-01,340.8427
2021-03-31,340.3125
2021-03-30,339.9302
2021-03-29,339.5760
2021-03-26,339.1967
2021-03-25,339.0013
2021-03-24,339.0891
2021-03-23,338.8801
2021-03-22,338.6031
2021-03-19,338.4208
2021-03-18,338.2351
2021-03-17,337.8351
2021-03-16,337.4010
2021-03-15,336.7872
2021-03-12,336.2913
2021-03-11,335.9031
2021-03-10,335.4777
2021-03-09,335.1773
2021-03-08,335.0884
2021-03-05,335.0666
2021-03-04,335.2958
2021-03-03,335.4938
2021-03-02,335.4300
2021-03-01,335.1211
2021-02-26,335.0414
2021-02-25,335.0269
2021-02-24,334.6476
2021-02-23,334.4960
2021-02-22,334.4295
2021-02-19,334.2177
2021-02-18,333.6885
2021-02-17,333.2687
2021-02-16,332.7682
2021-02-12,332.0291
2021-02-11,331.4811
2021-02-10,330.8128
2021-02-09,330.0449
2021-02-08,329.3750
2021-02-05,328.6786
2021-02-04,328.0009
2021-02-03,327.5892
2021-02-02,327.1764
2021-02-01,326.9086
2021-01-29,326.9768
2021-01-28,326.9399
2021-01-27,326.8572
2021-01-26,326.5353
2021-01-25,325.8844
2021-01-22,325.2881
2021-01-21,324.7376
2021-01-20,324.0131
2021-01-19,323.4440
2021-01-15,323.0006
2021-01-14,322.6266
2021-01-13,321.9926
2021-01-12,321.4288
2021-01-11,320.8136
2021-01-08,320.2175
2021-01-07,319.4155
2021-01-06,318.8289
2021-01-05,318.5911
2021-01-04,318.4278
2020-12-31,317.8202
2020-12-30,317.3801
2020-12-29,316.8795
2020-12-28,316.2560
2020-12-24,315.7132
2020-12-23,315.3534
2020-12-22,314.9577
2020-12-21,314.5392
2020-12-18,314.2891
2020-12-17,313.6595
2020-12-16,313.0268
2020-12-15,312.4769
2020-12-14,312.0318
2020-12-11,311.4830
2020-12-10,311.1211
2020-12-09,310.7063
2020-12-08,309.9338
2020-12-07,309.2970
2020-12-04,308.5394
2020-12-03,307.8315
2020-12-02,307.1136
2020-12-01,306.4562
2020-11-30,305.7079
2020-11-27,305.0721
2020-11-25,304.3349
2020-11-24,303.5868
2020-11-23,302.9598
2020-11-20,302.4681
2020-11-19,301.9340
2020-11-18,301.4705
2020-11-17,300.6578
2020-11-16,299.8477
2020-11-13,298.9218
2020-11-12,298.2708
2020-11-11,297.5560
2020-11-10,296.7476
2020-11-09,296.0561
2020-11-06,294.6922
2020-11-05,294.0758
2020-11-04,293.4496
2020-11-03,293.2850
2020-11-02,293.5403
2020-10-30,294.0217
2020-10-29,294.6541
2020-10-28,295.4110
2020-10-27,295.9068
2020-10-26,295.9774
2020-10-23,295.9142
2020-10-22,295.6167
2020-10-21,295.4797
2020-10-20,295.3105
2020-10-19,295.1251
2020-10-16,294.6129
2020-10-15,294.0425
2020-10-14,293.7546
2020-10-13,293.0228
2020-10-12,292.1481
2020-10-09,291.3758
2020-10-08,290.7894
2020-10-07,290.3260
2020-10-06,290.1143
2020-10-05,289.7809
2020-10-02,289.6564
2020-10-01,289.7820
2020-09-30,289.5619
2020-09-29,289.5949
2020-09-28,289.5782
2020-09-25,289.6079
2020-09-24,290.2783
2020-09-23,291.0771
2020-09-22,291.3490
2020-09-21,291.7805
2020-09-18,292.4129
2020-09-17,292.5072
2020-09-16,292.7999
2020-09-15,292.6374
2020-09-14,292.4857
2020-09-11,292.5434
2020-09-10,292.7043
2020-09-09,292.5196
2020-09-08,292.5755
2020-09-04,292.6868
2020-09-03,292.2596
2020-09-02,291.2035
2020-09-01,290.1441
2020-08-31,289.2794
2020-08-28,288.3441
2020-08-27,287.3988
2020-08-26,286.4480
2020-08-25,285.6567
2020-08-24,284.8796
2020-08-21,284.1354
2020-08-20,283.5913
2020-08-19,283.1634
2020-08-18,282.4829
2020-08-17,281.7957
2020-08-14,281.0928
2020-08-13,280.4252
2020-08-12,279.7017
2020-08-11,278.9965
2020-08-10,278.1603
2020-08-07,277.3728
2020-08-06,276.6380
2020-08-05,275.9595
2020-08-04,275.2323
2020-08-03,274.6749
2020-07-31,274.0511
2020-07-30,273.5271
2020-07-29,273.2075
2020-07-28,272.8490
2020-07-27,272.4541
2020-07-24,272.0774
2020-07-23,271.7149
2020-07-22,270.9986
2020-07-21,270.3438
2020-07-20,269.5374
2020-07-17,268.9693
2020-07-16,268.3367
2020-07-15,267.7850
2020-07-14,267.0402
2020-07-13,266.7890
2020-07-10,266.1111
2020-07-09,265.7354
2020-07-08,265.1846
2020-07-07,264.7269
2020-07-06,264.1942
2020-07-02,263.5598
2020-07-01,263.0056
2020-06-30,262.6980
2020-06-29,262.6986
2020-06-26,262.8550
2020-06-25,262.7374
2020-06-24,262.7706
2020-06-23,262.4304
2020-06-22,261.8454
2020-06-19,261.5530
2020-06-18,260.8733
2020-06-17,260.4739
2020-06-16,259.8043
2020-06-15,259.0033
2020-06-12,259.1888
2020-06-11,258.7777
2020-06-10,258.1441
2020-06-09,256.8750
2020-06-08,255.5855
2020-06-05,254.2109
2020-06-04,252.9222
2020-06-03,251.9080
2020-06-02,250.8754
2020-06-01,249.9917
2020-05-29,249.2227
2020-05-28,248.4676
2020-05-27,247.5315
2020-05-26,246.6760
2020-05-22,245.7776
2020-05-21,245.2542
2020-05-20,244.5630
2020-05-19,243.8809
2020-05-18,243.2363
2020-05-15,242.6306
2020-05-14,242.6142
2020-05-13,242.8039
2020-05-12,242.5845
2020-05-11,241.8912
2020-05-08,241.3566
2020-05-07,240.7367
2020-05-06,240.2729
2020-05-05,239.7602
2020-05-04,239.2936
2020-05-01,239.1516
2020-04-30,238.7275
2020-04-29,237.8908
2020-04-28,237.0028
2020-04-27,236.0859
2020-04-24,235.4588
2020-04-23,235.0472
2020-04-22,234.6233
2020-04-21,234.2942
2020-04-20,234.0442
2020-04-17,233.4286
2020-04-16,232.5988
2020-04-15,232.0862
2020-04-14,231.6304
2020-04-13,230.9393
2020-04-09,230.4328
2020-04-08,229.8605
2020-04-07,229.8217
2020-04-06,229.4137
2020-04-03,229.9430
2020-04-02,230.9303
2020-04-01,232.3147
2020-03-31,233.6275
2020-03-30,234.2868
2020-03-27,235.2838
2020-03-26,236.4929
2020-03-25,238.0067
2020-03-24,239.9005
2020-03-23,242.4805
2020-03-20,245.6748
2020-03-19,248.2394
2020-03-18,251.2628
2020-03-17,254.6465
2020-03-16,257.7685
2020-03-13,261.1639
2020-03-12,263.6442
2020-03-11,266.6646
2020-03-10,268.4916
2020-03-09,270.1980
2020-03-06,272.5203
2020-03-05,274.0114
2020-03-04,274.8999
2020-03-03,275.7899
2020-03-02,276.5414
2020-02-28,278.0092
2020-02-27,280.1358
2020-02-26,281.4293
2020-02-25,282.2954
2020-02-24,282.6354
2020-02-21,283.0482
2020-02-20,282.7609
2020-02-19,282.3222
2020-02-18,281.8486
2020-02-14,281.4183
2020-02-13,280.9023
2020-02-12,280.4478
2020-02-11,279.9002
2020-02-10,279.3554
2020-02-07,279.0647
2020-02-06,278.6614
2020-02-05,278.1679
2020-02-04,277.7304
2020-02-03,277.5133
2020-01-31,277.5626
2020-01-30,277.4021
2020-01-29,277.3846
2020-01-28,277.1257
2020-01-27,277.0467
2020-01-24,277.0819
2020-01-23,276.5682
2020-01-22,276.1206
2020-01-21,275.5476
2020-01-17,275.0142
2020-01-16,274.3997
2020-01-15,273.8604
2020-01-14,273.4207
2020-01-13,272.9455
2020-01-10,272.5006
2020-01-09,271.9716
2020-01-08,271.4711
2020-01-07,271.1300
2020-01-06,270.7584
2020-01-03,270.5154
2020-01-02,270.2041
2019-12-31,269.7385
2019-12-30,269.4180
2019-12-27,268.9328
2019-12-26,268.3653
2019-12-24,267.8839
2019-12-23,267.3822
2019-12-20,266.8376
2019-12-19,266.3213
2019-12-18,265.9043
2019-12-17,265.4432
2019-12-16,264.9522
2019-12-13,264.4740
2019-12-12,264.1016
2019-12-11,263.8467
2019-12-10,263.5998
2019-12-09,263.3449
2019-12-06,263.0365
2019-12-05,262.7255
2019-12-04,262.5049
2019-12-03,262.3598
2019-12-02,262.3256
2019-11-29,261.9368
2019-11-27,261.5070
2019-11-26,261.0598
2019-11-25,260.6552
2019-11-22,260.3065
2019-11-21,259.9882
2019-11-20,259.6625
2019-11-19,259.2895
2019-11-18,258.8057
2019-11-15,258.3563
2019-11-14,257.9104
2019-11-13,257.5617
2019-11-12,257.2407
2019-11-11,256.8496
2019-11-08,256.5051
2019-11-07,256.1170
2019-11-06,255.6561
2019-11-05,255.2542
2019-11-04,254.7901
2019-11-01,254.2805
2019-10-31,253.9110
2019-10-30,253.5608
2019-10-29,253.2285
2019-10-28,252.8971
2019-10-25,252.5492
2019-10-24,252.3620
2019-10-23,252.0948
2019-10-22,251.9352
2019-10-21,251.6571
2019-10-18,251.4264
2019-10-17,251.2238
2019-10-16,250.9510
2019-10-15,250.7343
2019-10-14,250.5792
2019-10-11,250.4826
2019-10-10,250.3595
2019-10-09,250.5271
2019-10-08,250.7305
2019-10-07,250.9327
2019-10-04,251.0030
2019-10-03,251.2131
2019-10-02,251.6358
2019-10-01,251.8717
2019-09-30,251.7586
2019-09-27,251.7414
2019-09-26,251.6117
2019-09-25,251.4872
2019-09-24,251.4536
2019-09-23,251.2121
2019-09-20,251.0634
2019-09-19,250.7397
2019-09-18,250.4051
2019-09-17,250.1110
2019-09-16,249.8311
2019-09-13,249.5369
2019-09-12,249.1060
2019-09-11,248.6771
2019-09-10,248.3816
2019-09-09,248.1319
2019-09-06,247.7575
2019-09-05,247.4126
2019-09-04,247.1304
2019-09-03,247.0400
2019-08-30,247.0975
2019-08-29,246.9476
2019-08-28,246.9299
2019-08-27,247.2406
2019-08-26,247.3697
2019-08-23,247.6421
2019-08-22,247.7181
2019-08-21,247.6664
2019-08-20,247.6556
2019-08-19,247.6823
2019-08-16,247.6866
2019-08-15,248.0279
2019-08-14,248.4850
2019-08-13,248.7865
2019-08-12,249.1304
2019-08-09,249.3696
2019-08-08,249.4674
2019-08-07,249.7450
2019-08-06,250.3498
2019-08-05,250.9091
2019-08-02,251.3771
2019-08-01,251.5389
2019-07-31,251.4962
2019-07-30,251.2525
2019-07-29,251.0519
2019-07-26,250.7242
2019-07-25,250.4394
2019-07-24,250.1217
2019-07-23,249.8857
2019-07-22,249.6379
2019-07-19,249.4615
2019-07-18,249.1329
2019-07-17,248.9478
2019-07-16,248.5990
2019-07-15,248.1728
2019-07-12,247.6910
2019-07-11,247.2486
2019-07-10,246.8088
2019-07-09,246.3927
2019-07-08,246.1147
2019-07-05,245.7290
2019-07-03,245.2945
2019-07-02,244.8446
2019-07-01,244.4553
2019-06-28,243.9762
2019-06-27,243.7033
2019-06-26,243.4886
2019-06-25,243.2322
2019-06-24,242.8441
2019-06-21,242.3983
2019-06-20,241.9255
2019-06-19,241.3942
2019-06-18,241.0287
2019-06-17,240.7071
2019-06-14,240.4716
2019-06-13,240.2344
2019-06-12,239.9738
2019-06-11,239.7396
2019-06-10,239.3545
2019-06-07,239.0370
2019-06-06,238.8965
2019-06-05,238.9014
2019-06-04,238.9655
2019-06-03,239.3353
2019-05-31,239.8351
2019-05-30,240.3188
2019-05-29,240.6680
2019-05-28,241.0508
2019-05-24,241.2176
2019-05-23,241.3553
2019-05-22,241.5355
2019-05-21,241.5989
2019-05-20,241.6427
2019-05-17,241.7907
2019-05-16,241.8863
2019-05-15,241.9518
2019-05-14,242.2649
2019-05-13,242.5767
2019-05-10,242.8861
2019-05-09,243.0268
2019-05-08,243.2045
2019-05-07,243.2551
2019-05-06,243.1611
2019-05-03,243.1132
2019-05-02,242.8550
2019-05-01,242.6447
2019-04-30,242.2427
2019-04-29,241.8839
2019-04-26,241.5004
2019-04-25,241.1714
2019-04-24,240.8198
2019-04-23,240.4053
2019-04-22,240.0843
2019-04-18,239.8299
2019-04-17,239.5022
2019-04-16,239.0791
2019-04-15,238.6515
2019-04-12,238.2344
2019-04-11,237.8036
2019-04-10,237.4121
2019-04-09,237.0564
2019-04-08,236.6779
2019-04-05,236.2513
2019-04-04,235.8047
2019-04-03,235.3937
2019-04-02,234.9228
2019-04-01,234.4953
2019-03-29,234.1150
2019-03-28,233.8427
2019-03-27,233.6712
2019-03-26,233.4436
2019-03-25,233.2092
2019-03-22,233.0801
2019-03-21,232.6902
2019-03-20,232.4247
2019-03-19,232.0512
2019-03-18,231.5719
2019-03-15,231.1735
2019-03-14,230.8093
2019-03-13,230.4414
2019-03-12,230.1010
2019-03-11,229.8203
2019-03-08,229.7393
2019-03-07,229.7887
2019-03-06,229.6148
2019-03-05,229.2942
2019-03-04,228.9283
2019-03-01,228.4187
2019-02-28,227.9407
2019-02-27,227.5173
2019-02-26,227.0873
2019-02-25,226.5968
2019-02-22,225.9756
2019-02-21,225.4625
2019-02-20,224.9368
2019-02-19,224.3698
2019-02-15,223.8430
2019-02-14,223.2875
2019-02-13,222.8434
2019-02-12,222.2951
2019-02-11,221.8626
2019-02-08,221.4695
2019-02-07,221.1922
2019-02-06,220.7679
2019-02-05,220.2068
2019-02-04,219.6265
2019-02-01,219.1408
2019-01-31,218.6211
2019-01-30,218.2198
2019-01-29,217.9293
2019-01-28,217.6886
2019-01-25,217.4603
2019-01-24,217.0891
2019-01-23,216.8314
2019-01-22,216.5068
2019-01-18,216.1152
2019-01-17,215.6858
2019-01-16,215.5139
2019-01-15,215.2849
2019-01-14,215.2131
2019-01-11,215.1912
2019-01-10,215.1206
2019-01-09,215.1206
2019-01-08,215.0539
2019-01-07,215.0242
2019-01-04,215.2291
2019-01-03,215.7472
2019-01-02,216.2658
2018-12-31,216.9410
2018-12-28,217.4658
2018-12-27,218.0261
2018-12-26,219.0254
2018-12-24,220.4765
2018-12-21,221.8475
2018-12-20,222.8724
2018-12-19,223.8667
2018-12-18,224.6235
2018-12-17,225.3198
2018-12-14,225.9345
2018-12-13,226.3862
2018-12-12,226.6681
2018-12-11,226.9105
2018-12-10,227.1603
2018-12-07,227.6747
2018-12-06,227.8720
2018-12-04,228.2838
2018-12-03,228.0085
2018-11-30,227.6015
2018-11-29,227.5426
2018-11-28,227.4860
2018-11-27,227.6647
2018-11-26,228.0429
2018-11-23,228.4784
2018-11-21,229.0962
2018-11-20,229.6038
2018-11-19,230.1714
2018-11-16,230.3337
2018-11-15,230.5803
2018-11-14,231.0162
2018-11-13,231.1729
2018-11-12,231.4029
2018-11-09,231.4153
2018-11-08,231.3152
2018-11-07,231.1463
2018-11-06,231.1172
2018-11-05,231.3296
2018-11-02,231.6105
2018-11-01,231.7781
2018-10-31,232.1332
2018-10-30,232.5697
2018-10-29,233.4377
2018-10-26,234.0700
2018-10-25,234.9144
2018-10-24,235.7312
2018-10-23,236.2612
2018-10-22,236.9649
2018-10-19,237.3696
2018-10-18,237.7948
2018-10-17,238.1190
2018-10-16,238.4030
2018-10-15,238.9326
2018-10-12,239.5581
2018-10-11,240.1517
2018-10-10,240.7600
2018-10-09,240.8586
2018-10-08,240.9339
2018-10-05,241.0351
2018-10-04,240.9917
2018-10-03,240.8590
2018-10-02,240.6263
2018-10-01,240.4433
2018-09-28,240.2170
2018-09-27,240.0978
2018-09-26,239.9466
2018-09-25,239.7574
2018-09-24,239.5198
2018-09-21,239.2763
2018-09-20,238.9151
2018-09-19,238.6324
2018-09-18,238.4262
2018-09-17,238.2837
2018-09-14,238.0615
2018-09-13,237.8085
2018-09-12,237.5810
2018-09-11,237.4108
2018-09-10,237.3273
2018-09-07,237.1601
2018-09-06,237.0842
2018-09-05,236.8747
2018-09-04,236.6371
2018-08-31,236.3556
2018-08-30,236.0560
2018-08-29,235.6746
2018-08-28,235.3118
2018-08-27,234.9134
2018-08-24,234.5735
2018-08-23,234.3485
2018-08-22,234.1380
2018-08-21,233.9154
2018-08-20,233.6544
2018-08-17,233.4134
2018-08-16,233.2611
2018-08-15,233.1202
2018-08-14,233.0275
2018-08-13,232.8966
2018-08-10,232.7274
2018-08-09,232.5497
2018-08-08,232.2369
2018-08-07,231.9087
2018-08-06,231.5598
2018-08-03,231.2891
2018-08-02,231.0595
2018-08-01,230.9930
2018-07-31,230.8028
2018-07-30,230.6382
2018-07-27,230.4261
2018-07-26,230.0666
2018-07-25,229.7190
2018-07-24,229.4472
2018-07-23,229.1380
2018-07-20,228.9389
2018-07-19,228.7093
2018-07-18,228.4327
2018-07-17,228.1209
2018-07-16,227.9065
2018-07-13,227.6126
2018-07-12,227.3233
2018-07-11,227.0658
2018-07-10,226.8566
2018-07-09,226.5613
2018-07-06,226.3516
2018-07-05,226.3231
2018-07-03,226.3450
2018-07-02,226.3305
2018-06-29,226.5094
2018-06-28,226.5497
2018-06-27,226.7600
2018-06-26,226.8097
2018-06-25,226.9007
2018-06-22,226.8920
2018-06-21,226.7566
2018-06-20,226.5959
2018-06-19,226.4047
2018-06-18,226.3332
2018-06-15,226.1730
2018-06-14,225.9341
2018-06-13,225.6142
2018-06-12,225.2587
2018-06-11,224.8872
2018-06-08,224.5274
2018-06-07,224.2315
2018-06-06,223.8525
2018-06-05,223.5715
2018-06-04,223.3151
2018-06-01,223.0714
2018-05-31,222.9313
2018-05-30,222.7965
2018-05-29,222.7429
2018-05-25,222.7011
2018-05-24,222.5472
2018-05-23,222.3393
2018-05-22,222.2176
2018-05-21,221.9293
2018-05-18,221.6769
2018-05-17,221.4840
2018-05-16,221.2618
2018-05-15,221.0682
2018-05-14,220.8352
2018-05-11,220.4857
2018-05-10,220.1791
2018-05-09,219.9555
2018-05-08,219.8716
2018-05-07,219.8459
2018-05-04,219.7960
2018-05-03,220.0492
2018-05-02,220.2807
2018-05-01,220.3837
2018-04-30,220.5409
2018-04-27,220.5191
2018-04-26,220.5131
2018-04-25,220.6315
2018-04-24,220.8641
2018-04-23,220.8361
2018-04-20,220.8322
2018-04-19,220.7411
2018-04-18,220.6022
2018-04-17,220.3893
2018-04-16,220.2385
2018-04-13,220.2107
2018-04-12,220.1457
2018-04-11,220.2083
2018-04-10,220.3814
2018-04-09,220.5198
2018-04-06,220.8291
2018-04-05,221.0487
2018-04-04,221.1618
2018-04-03,221.7809
2018-04-02,222.3223
2018-03-29,222.6914
2018-03-28,223.1691
2018-03-27,223.7039
2018-03-26,223.9647
2018-03-23,224.4700
2018-03-22,224.8960
2018-03-21,225.1432
2018-03-20,225.2327
2018-03-19,225.3253
2018-03-16,225.2846
2018-03-15,225.1806
2018-03-14,225.0497
2018-03-13,224.7998
2018-03-12,224.4172
2018-03-09,224.0427
2018-03-08,223.8426
2018-03-07,223.7522
2018-03-06,223.8322
2018-03-05,223.7522
2018-03-02,223.9878
2018-03-01,224.3497
2018-02-28,224.4097
2018-02-27,224.2368
2018-02-26,223.9123
2018-02-23,223.6933
2018-02-22,223.6901
2018-02-21,223.7270
2018-02-20,223.7237
2018-02-16,223.7116
2018-02-15,223.6819
2018-02-14,223.6916
2018-02-13,224.1096
2018-02-12,224.5793
2018-02-09,225.0894
2018-02-08,225.8138
2018-02-07,226.1775
2018-02-06,226.5378
2018-02-05,227.4115
2018-02-02,227.5758
2018-02-01,227.3742
2018-01-31,227.1017
2018-01-30,226.7154
2018-01-29,226.3123
2018-01-26,225.6863
2018-01-25,225.1097
2018-01-24,224.5032
2018-01-23,223.8636
2018-01-22,223.2533
2018-01-19,222.7486
2018-01-18,222.2276
2018-01-17,221.6898
2018-01-16,221.1977
2018-01-12,220.5919
2018-01-11,220.1149
2018-01-10,219.7013
2018-01-09,219.3185
2018-01-08,218.8679
2018-01-05,218.4493
2018-01-04,218.0450
2018-01-03,217.6863
2018-01-02,217.4282
2017-12-29,217.2197
2017-12-28,216.9592
2017-12-27,216.7195
2017-12-26,216.4893
2017-12-22,216.2463
2017-12-21,215.9715
2017-12-20,215.6697
2017-12-19,215.3164
2017-12-18,214.9264
2017-12-15,214.5340
2017-12-14,214.2604
2017-12-13,213.9524
2017-12-12,213.6257
2017-12-11,213.3023
2017-12-08,213.0131
2017-12-07,212.7391
2017-12-06,212.5543
2017-12-05,212.3715
2017-12-04,212.0863
2017-12-01,211.6715
2017-11-30,211.3172
2017-11-29,210.9968
2017-11-28,210.6974
2017-11-27,210.5009
2017-11-24,210.3154
2017-11-22,210.1215
2017-11-21,209.9301
2017-11-20,209.7747
2017-11-17,209.6664
2017-11-16,209.5476
2017-11-15,209.4605
2017-11-14,209.4153
2017-11-13,209.3240
2017-11-10,209.2331
2017-11-09,209.1121
2017-11-08,208.9820
2017-11-07,208.8012
2017-11-06,208.5784
2017-11-03,208.3802
2017-11-02,208.1936
2017-11-01,208.0174
2017-10-31,207.7934
2017-10-30,207.6013
2017-10-27,207.4039
2017-10-26,207.2237
2017-10-25,207.0636
2017-10-24,206.8802
2017-10-23,206.6608
2017-10-20,206.3765
2017-10-19,206.1149
2017-10-18,205.9441
2017-10-17,205.6983
2017-10-16,205.4717
2017-10-13,205.2332
2017-10-12,204.9807
2017-10-11,204.7416
2017-10-10,204.4939
2017-10-09,204.2230
2017-10-06,203.9285
2017-10-05,203.6420
2017-10-04,203.3726
2017-10-03,203.1301
2017-10-02,202.8844
2017-09-29,202.6770
2017-09-28,202.5224
2017-09-27,202.3909
2017-09-26,202.2399
2017-09-25,202.1056
2017-09-22,201.9785
2017-09-21,201.8470
2017-09-20,201.6579
2017-09-19,201.4472
2017-09-18,201.2259
2017-09-15,201.0095
2017-09-14,200.8296
2017-09-13,200.6465
2017-09-12,200.4568
2017-09-11,200.2571
2017-09-08,200.1336
2017-09-07,200.0871
2017-09-06,199.9959
2017-09-05,199.9210
2017-09-01,199.8201
2017-08-31,199.6719
2017-08-30,199.5826
2017-08-29,199.5954
2017-08-28,199.7076
2017-08-25,199.7106
2017-08-24,199.7267
2017-08-23,199.7384
2017-08-22,199.7864
2017-08-21,199.8830
2017-08-18,200.0394
2017-08-17,200.1920
2017-08-16,200.1654
2017-08-15,200.0906
2017-08-14,200.0173
2017-08-11,200.0173
2017-08-10,200.1047
2017-08-09,200.0691
2017-08-08,200.0243
2017-08-07,199.9159
2017-08-04,199.8006
2017-08-03,199.6755
2017-08-02,199.5528
2017-08-01,199.4137
2017-07-31,199.2657
2017-07-28,199.1117
2017-07-27,198.9892
2017-07-26,198.7843
2017-07-25,198.5763
2017-07-24,198.3577
2017-07-21,198.1753
2017-07-20,197.9993
2017-07-19,197.7640
2017-07-18,197.5829
2017-07-17,197.4413
2017-07-14,197.2703
2017-07-13,197.1444
2017-07-12,197.0319
2017-07-11,196.9537
2017-07-10,196.9344
2017-07-07,196.9273
2017-07-06,196.9612
2017-07-05,196.9583
2017-07-03,196.9136
2017-06-30,196.8506
2017-06-29,196.8150
2017-06-28,196.7012
2017-06-27,196.6455
2017-06-26,196.5566
2017-06-23,196.4133
2017-06-22,196.3139
2017-06-21,196.2052
2017-06-20,196.0646
2017-06-19,195.8663
2017-06-16,195.6926
2017-06-15,195.5513
2017-06-14,195.4698
2017-06-13,195.2632
2017-06-12,195.0930
2017-06-09,194.9585
2017-06-08,194.7593
2017-06-07,194.5647
2017-06-06,194.3646
2017-06-05,194.1701
2017-06-02,193.9245
2017-06-01,193.6929
2017-05-31,193.5270
2017-05-30,193.3558
2017-05-26,193.2019
2017-05-25,193.0253
2017-05-24,192.8569
2017-05-23,192.7247
2017-05-22,192.6034
2017-05-19,192.5377
2017-05-18,192.5514
2017-05-17,192.6605
2017-05-16,192.6383
2017-05-15,192.4764
2017-05-12,192.3642
2017-05-11,192.2674
2017-05-10,192.1493
2017-05-09,192.0218
2017-05-08,191.8533
2017-05-05,191.6829
2017-05-04,191.5355
2017-05-03,191.3955
2017-05-02,191.2757
2017-05-01,191.1166
2017-04-28,190.9544
2017-04-27,190.7708
2017-04-26,190.5823
2017-04-25,190.3955
2017-04-24,190.2293
2017-04-21,190.0917
2017-04-20,190.0531
2017-04-19,190.0721
2017-04-18,190.0723
2017-04-17,190.1188
2017-04-13,190.2019
2017-04-12,190.2604
2017-04-11,190.2626
2017-04-10,190.2565
2017-04-07,190.2238
2017-04-06,190.2009
2017-04-05,190.1857
2017-04-04,190.0975
2017-04-03,190.0751
2017-03-31,190.0024
2017-03-30,189.9217
2017-03-29,189.8592
2017-03-28,189.8198
2017-03-27,189.8726
2017-03-24,190.0076
2017-03-23,190.0137
2017-03-22,190.0409
2017-03-21,190.0834
2017-03-20,189.9213
2017-03-17,189.7729
2017-03-16,189.5712
2017-03-15,189.3369
2017-03-14,189.1760
2017-03-13,189.0259
2017-03-10,188.8406
2017-03-09,188.6201
2017-03-08,188.4583
2017-03-07,188.2478
2017-03-06,188.0209
2017-03-03,187.7730
2017-03-02,187.4697
2017-03-01,187.0674
2017-02-28,186.7034
2017-02-27,186.4088
2017-02-24,186.0951
2017-02-23,185.8265
2017-02-22,185.4593
2017-02-21,185.1165
2017-02-17,184.7743
2017-02-16,184.4981
2017-02-15,184.1484
2017-02-14,183.8594
2017-02-13,183.5984
2017-02-10,183.3460
2017-02-09,183.1356
2017-02-08,182.9925
2017-02-07,182.8934
2017-02-06,182.7415
2017-02-03,182.6112
2017-02-02,182.4744
2017-02-01,182.4184
2017-01-31,182.2961
2017-01-30,182.2430
2017-01-27,182.1171
2017-01-26,181.9116
2017-01-25,181.6920
2017-01-24,181.4978
2017-01-23,181.4187
2017-01-20,181.3353
2017-01-19,181.2281
2017-01-18,181.1055
2017-01-17,180.9903
2017-01-13,180.8804
2017-01-12,180.7393
2017-01-11,180.6012
2017-01-10,180.4615
2017-01-09,180.3085
2017-01-06,180.1183
2017-01-05,179.9362
2017-01-04,179.7560
2017-01-03,179.5968
2016-12-30,179.4581
2016-12-29,179.3286
2016-12-28,179.2066
2016-12-27,178.9610
2016-12-23,178.7299
2016-12-22,178.5133
2016-12-21,178.2707
2016-12-20,177.9752
2016-12-19,177.6677
2016-12-16,177.3883
2016-12-15,177.0464
2016-12-14,176.7471
2016-12-13,176.3597
2016-12-12,175.9642
2016-12-09,175.5783
2016-12-08,175.2199
2016-12-07,174.8831
2016-12-06,174.6918
2016-12-05,174.5041
2016-12-02,174.3354
2016-12-01,174.2117
2016-11-30,174.0204
2016-11-29,173.7647
2016-11-28,173.5529
2016-11-25,173.2927
2016-11-23,173.0139
2016-11-22,172.7726
2016-11-21,172.4923
2016-11-18,172.2685
2016-11-17,172.0348
2016-11-16,171.8421
2016-11-15,171.6621
2016-11-14,171.4991
2016-11-11,171.3243
2016-11-10,171.1905
2016-11-09,170.9806
2016-11-08,171.0326
2016-11-07,171.0659
2016-11-04,171.1701
2016-11-03,171.4243
2016-11-02,171.6364
2016-11-01,171.8252
2016-10-31,171.9005
2016-10-28,171.9829
2016-10-27,172.0576
2016-10-26,172.0574
2016-10-25,172.1343
2016-10-24,172.1340
2016-10-21,172.1192
2016-10-20,172.2136
2016-10-19,172.2646
2016-10-18,172.3118
2016-10-17,172.3496
2016-10-14,172.4539
2016-10-13,172.5045
2016-10-12,172.6683
2016-10-11,172.7656
2016-10-10,172.7564
2016-10-07,172.7201
2016-10-06,172.6826
2016-10-05,172.6833
2016-10-04,172.6823
2016-10-03,172.6524
2016-09-30,172.6245
2016-09-29,172.6051
2016-09-28,172.5421
2016-09-27,172.5066
2016-09-26,172.5681
2016-09-23,172.5773
2016-09-22,172.4961
2016-09-21,172.3925
2016-09-20,172.4365
2016-09-19,172.4733
2016-09-16,172.5264
2016-09-15,172.6200
2016-09-14,172.8110
2016-09-13,172.9958
2016-09-12,173.1080
2016-09-09,173.3633
2016-09-08,173.3844
2016-09-07,173.3146
2016-09-06,173.2281
2016-09-02,173.1433
2016-09-01,173.0696
2016-08-31,173.0452
2016-08-30,173.0073
2016-08-29,172.9319
2016-08-26,172.8963
2016-08-25,172.8324
2016-08-24,172.7930
2016-08-23,172.6728
2016-08-22,172.5204
2016-08-19,172.4103
2016-08-18,172.2901
2016-08-17,172.1599
2016-08-16,172.0399
2016-08-15,171.8780
2016-08-12,171.6882
2016-08-11,171.5194
2016-08-10,171.3397
2016-08-09,171.1457
2016-08-08,170.9473
2016-08-05,170.7221
2016-08-04,170.5455
2016-08-03,170.4070
2016-08-02,170.3046
2016-08-01,170.1322
2016-07-29,169.9155
2016-07-28,169.7258
2016-07-27,169.5314
2016-07-26,169.2757
2016-07-25,169.0376
2016-07-22,168.7592
2016-07-21,168.4904
2016-07-20,168.1761
2016-07-19,167.8491
2016-07-18,167.5468
2016-07-15,167.2226
2016-07-14,166.8292
2016-07-13,166.4297
2016-07-12,166.0559
2016-07-11,165.7074
2016-07-08,165.4079
2016-07-07,165.2071
2016-07-06,165.0566
2016-07-05,165.0067
2016-07-01,164.8921
2016-06-30,164.7481
2016-06-29,164.7116
2016-06-28,164.8033
2016-06-27,165.0860
2016-06-24,165.3768
2016-06-23,165.5713
2016-06-22,165.4483
2016-06-21,165.3810
2016-06-20,165.3270
2016-06-17,165.2420
2016-06-16,165.2383
2016-06-15,165.3237
2016-06-14,165.3161
2016-06-13,165.3335
2016-06-10,165.2806
2016-06-09,165.1620
2016-06-08,164.9785
2016-06-07,164.7633
2016-06-06,164.5506
2016-06-03,164.3685
2016-06-02,164.2001
2016-06-01,164.0440
2016-05-31,163.9111
2016-05-27,163.6926
2016-05-26,163.5170
2016-05-25,163.3322
2016-05-24,163.1801
2016-05-23,163.1516
2016-05-20,163.1600
2016-05-19,163.1994
2016-05-18,163.2904
2016-05-17,163.3668
2016-05-16,163.3381
2016-05-13,163.3891
2016-05-12,163.3769
2016-05-11,163.3018
2016-05-10,163.1875
2016-05-09,163.1309
2016-05-06,163.1337
2016-05-05,163.2166
2016-05-04,163.2241
2016-05-03,163.2667
2016-05-02,163.2257
2016-04-29,163.1599
2016-04-28,163.1008
2016-04-27,162.9422
2016-04-26,162.7733
2016-04-25,162.5623
2016-04-22,162.3755
2016-04-21,162.1622
2016-04-20,161.8506
2016-04-19,161.5234
2016-04-18,161.1881
2016-04-15,160.9709
2016-04-14,160.6905
2016-04-13,160.3884
2016-04-12,160.1227
2016-04-11,159.9932
2016-04-08,159.7968
2016-04-07,159.5840
2016-04-06,159.3648
2016-04-05,159.1770
2016-04-04,158.9554
2016-04-01,158.5992
2016-03-31,158.3581
2016-03-30,158.0138
2016-03-29,157.6267
2016-03-28,157.4026
2016-03-24,157.1170
2016-03-23,156.9019
2016-03-22,156.5568
2016-03-21,156.2052
2016-03-18,155.8121
2016-03-17,155.3819
2016-03-16,155.0366
2016-03-15,154.7589
2016-03-14,154.4727
2016-03-11,154.1252
2016-03-10,153.8030
2016-03-09,153.5291
2016-03-08,153.2679
2016-03-07,152.9898
2016-03-04,152.6913
2016-03-03,152.3367
2016-03-02,152.0276
2016-03-01,151.7512
2016-02-29,151.6053
2016-02-26,151.4433
2016-02-25,151.1955
2016-02-24,151.0788
2016-02-23,151.1268
2016-02-22,150.9924
2016-02-19,150.8570
2016-02-18,150.8607
2016-02-17,150.7506
2016-02-16,150.7445
2016-02-12,150.8638
2016-02-11,151.2085
2016-02-10,151.7122
2016-02-09,152.0330
2016-02-08,152.5390
2016-02-05,152.9547
2016-02-04,153.1172
2016-02-03,153.2963
2016-02-02,153.4569
2016-02-01,153.6054
2016-01-29,153.7196
2016-01-28,153.9764
2016-01-27,154.2634
2016-01-26,154.5845
2016-01-25,154.9893
2016-01-22,155.3480
2016-01-21,155.7355
2016-01-20,156.3420
2016-01-19,157.0615
2016-01-15,157.5571
2016-01-14,158.2649
2016-01-13,158.8678
2016-01-12,159.2370
2016-01-11,159.6720
2016-01-08,160.1791
2016-01-07,160.6070
2016-01-06,161.0534
2016-01-05,161.3656
2016-01-04,161.5428
2015-12-31,161.7796
2015-12-30,161.7746
2015-12-29,161.6595
2015-12-28,161.5686
2015-12-24,161.5651
2015-12-23,161.5115
2015-12-22,161.5100
2015-12-21,161.6211
2015-12-18,161.8058
2015-12-17,161.9372
2015-12-16,161.8305
2015-12-15,161.8261
2015-12-14,161.9117
2015-12-11,162.1466
2015-12-10,162.3316
2015-12-09,162.4078
2015-12-08,162.4527
2015-12-07,162.4930
2015-12-04,162.3810
2015-12-03,162.4317
2015-12-02,162.3343
2015-12-01,162.1347
2015-11-30,161.9879
2015-11-27,161.8074
2015-11-25,161.6363
2015-11-24,161.4493
2015-11-23,161.3390
2015-11-20,161.1468
2015-11-19,160.9343
2015-11-18,160.7490
2015-11-17,160.6918
2015-11-16,160.6337
2015-11-13,160.7698
2015-11-12,160.8062
2015-11-11,160.7265
2015-11-10,160.5162
2015-11-09,160.3634
2015-11-06,160.1039
2015-11-05,159.8047
2015-11-04,159.4418
2015-11-03,159.0079
2015-11-02,158.6166
2015-10-30,158.2903
2015-10-29,157.8920
2015-10-28,157.5122
2015-10-27,157.1770
2015-10-26,156.8635
2015-10-23,156.4676
2015-10-22,156.0510
2015-10-21,155.8403
2015-10-20,155.5697
2015-10-19,155.3259
2015-10-16,155.0865
2015-10-15,154.8152
2015-10-14,154.6739
2015-10-13,154.5199
2015-10-12,154.3240
2015-10-09,154.0733
2015-10-08,153.8065
2015-10-07,153.6523
2015-10-06,153.4897
2015-10-05,153.3467
2015-10-02,153.2964
2015-10-01,153.6048
2015-09-30,153.8183
2015-09-29,154.1296
2015-09-28,154.5740
2015-09-25,154.8608
2015-09-24,155.0128
2015-09-23,155.3187
2015-09-22,155.5312
2015-09-21,155.7696
2015-09-18,155.8858
2015-09-17,156.0507
2015-09-16,156.0515
2015-09-15,156.1146
2015-09-14,156.3064
2015-09-11,156.4904
2015-09-10,156.7744
2015-09-09,157.1273
2015-09-08,157.2376
2015-09-04,157.5392
2015-09-03,158.0252
2015-09-02,158.3641
2015-09-01,158.8132
2015-08-31,159.3736
2015-08-28,159.7045
2015-08-27,160.0412
2015-08-26,160.4698
2015-08-25,161.1961
2015-08-24,161.8006
2015-08-21,162.8669
2015-08-20,163.2392
2015-08-19,163.3861
2015-08-18,163.4011
2015-08-17,163.3550
2015-08-14,163.3890
2015-08-13,163.4429
2015-08-12,163.4829
2015-08-11,163.6161
2015-08-10,163.6552
2015-08-07,163.6817
2015-08-06,163.7699
2015-08-05,163.7533
2015-08-04,163.7197
2015-08-03,163.7243
2015-07-31,163.6911
2015-07-30,163.6016
2015-07-29,163.5733
2015-07-28,163.5842
2015-07-27,163.6827
2015-07-24,163.8356
2015-07-23,163.8182
2015-07-22,163.7328
2015-07-21,163.6778
2015-07-20,163.5345
2015-07-17,163.3656
2015-07-16,163.2090
2015-07-15,163.0633
2015-07-14,162.9675
2015-07-13,162.9190
2015-07-10,162.9130
2015-07-09,162.9892
2015-07-08,163.0872
2015-07-07,163.2236
2015-07-06,163.3400
2015-07-02,163.5314
2015-07-01,163.6110
2015-06-30,163.7079
2015-06-29,163.8389
2015-06-26,163.9439
2015-06-25,163.9363
2015-06-24,163.8878
2015-06-23,163.7966
2015-06-22,163.6814
2015-06-19,163.5649
2015-06-18,163.4678
2015-06-17,163.4336
2015-06-16,163.4291
2015-06-15,163.5155
2015-06-12,163.6241
2015-06-11,163.6357
2015-06-10,163.5932
2015-06-09,163.6640
2015-06-08,163.7899
2015-06-05,163.8620
2015-06-04,163.9209
2015-06-03,163.9232
2015-06-02,163.8795
2015-06-01,163.8842
2015-05-29,163.8424
2015-05-28,163.7721
2015-05-27,163.6976
2015-05-26,163.6763
2015-05-22,163.5910
2015-05-21,163.4660
2015-05-20,163.3475
2015-05-19,163.2022
2015-05-18,163.0428
2015-05-15,162.9196
2015-05-14,162.7851
2015-05-13,162.7020
2015-05-12,162.6530
2015-05-11,162.6478
2015-05-08,162.5383
2015-05-07,162.4581
2015-05-06,162.5306
2015-05-05,162.5206
2015-05-04,162.4333
2015-05-01,162.3259
2015-04-30,162.3093
2015-04-29,162.2659
2015-04-28,162.1955
2015-04-27,162.0992
2015-04-24,161.9110
2015-04-23,161.7455
2015-04-22,161.6485
2015-04-21,161.5542
2015-04-20,161.4172
2015-04-17,161.3549
2015-04-16,161.2964
2015-04-15,161.1744
2015-04-14,161.0445
2015-04-13,160.9710
2015-04-10,160.8376
2015-04-09,160.7312
2015-04-08,160.6928
2015-04-07,160.6640
2015-04-06,160.6192
2015-04-02,160.7028
2015-04-01,160.7781
2015-03-31,160.8177
2015-03-30,160.8127
2015-03-27,160.8208
2015-03-26,160.9293
2015-03-25,161.0547
2015-03-24,160.9691
2015-03-23,160.8344
2015-03-20,160.6629
2015-03-19,160.5171
2015-03-18,160.3979
2015-03-17,160.4094
2015-03-16,160.4036
2015-03-13,160.4492
2015-03-12,160.4926
2015-03-11,160.6245
2015-03-10,160.7625
2015-03-09,160.8340
2015-03-06,160.8552
2015-03-05,160.7918
2015-03-04,160.6573
2015-03-03,160.5222
2015-03-02,160.3220
2015-02-27,160.1457
2015-02-26,159.9306
2015-02-25,159.6878
2015-02-24,159.4196
2015-02-23,159.1591
2015-02-20,158.8922
2015-02-19,158.6859
2015-02-18,158.4677
2015-02-17,158.2234
2015-02-13,157.9745
2015-02-12,157.7287
2015-02-11,157.5253
2015-02-10,157.3770
2015-02-09,157.2586
2015-02-06,157.1906
2015-02-05,157.0204
2015-02-04,156.9314
2015-02-03,156.8862
2015-02-02,156.8903
2015-01-30,157.0474
2015-01-29,157.1886
2015-01-28,157.3524
2015-01-27,157.3223
2015-01-26,157.3558
2015-01-23,157.2958
2015-01-22,157.1775
2015-01-21,157.1459
2015-01-20,157.2468
2015-01-16,157.3054
2015-01-15,157.5603
2015-01-14,157.6834
2015-01-13,157.9185
2015-01-12,157.9303
2015-01-09,157.9291
2015-01-08,157.8208
2015-01-07,157.8312
2015-01-06,157.9817
2015-01-05,158.1055
2015-01-02,158.1279
2014-12-31,158.0340
2014-12-30,157.8487
2014-12-29,157.6390
2014-12-26,157.4137
2014-12-24,157.1676
2014-12-23,156.9191
2014-12-22,156.6459
2014-12-19,156.4334
2014-12-18,156.2226
2014-12-17,156.1454
2014-12-16,156.3973
2014-12-15,156.6591
2014-12-12,156.7562
2014-12-11,156.8173
2014-12-10,156.8260
2014-12-09,156.7266
2014-12-08,156.7031
2014-12-05,156.5091
2014-12-04,156.2844
2014-12-03,156.0616
2014-12-02,155.8378
2014-12-01,155.6790
2014-11-28,155.4756
2014-11-26,155.1999
2014-11-25,154.9167
2014-11-24,154.6001
2014-11-21,154.2802
2014-11-20,153.9145
2014-11-19,153.7051
2014-11-18,153.4258
2014-11-17,153.1716
2014-11-14,152.9318
2014-11-13,152.6598
2014-11-12,152.3667
2014-11-11,152.0968
2014-11-10,151.7707
2014-11-07,151.4602
2014-11-06,151.1364
2014-11-05,150.8348
2014-11-04,150.5025
2014-11-03,150.2156
2014-10-31,149.8718
2014-10-30,149.5148
2014-10-29,149.3556
2014-10-28,149.1358
2014-10-27,148.9898
2014-10-24,148.8904
2014-10-23,148.8118
2014-10-22,148.7614
2014-10-21,148.7167
2014-10-20,148.8140
2014-10-17,149.1059
2014-10-16,149.4063
2014-10-15,150.0115
2014-10-14,150.5437
2014-10-13,150.9433
2014-10-10,151.2606
2014-10-09,151.4831
2014-10-08,151.5273
2014-10-07,151.7289
2014-10-06,151.8449
2014-10-03,151.8598
2014-10-02,151.9600
2014-10-01,152.1498
2014-09-30,152.2203
2014-09-29,152.2402
2014-09-26,152.3407
2014-09-25,152.4232
2014-09-24,152.3878
2014-09-23,152.4008
2014-09-22,152.3956
2014-09-19,152.2889
2014-09-18,152.1139
2014-09-17,151.9838
2014-09-16,151.8759
2014-09-15,151.8755
2014-09-12,151.8446
2014-09-11,151.7626
2014-09-10,151.7176
2014-09-09,151.6615
2014-09-08,151.5497
2014-09-05,151.4043
2014-09-04,151.2897
2014-09-03,151.1332
2014-09-02,150.9355
2014-08-29,150.7443
2014-08-28,150.5670
2014-08-27,150.4240
2014-08-26,150.2257
2014-08-25,150.0189
2014-08-22,149.8081
2014-08-21,149.6255
2014-08-20,149.4428
2014-08-19,149.3005
2014-08-18,149.1634
2014-08-15,149.0708
2014-08-14,148.9897
2014-08-13,148.9738
2014-08-12,149.0010
2014-08-11,149.0692
2014-08-08,149.1191
2014-08-07,149.3094
2014-08-06,149.4317
2014-08-05,149.6602
2014-08-04,149.7986
2014-08-01,149.9598
2014-07-31,150.1488
2014-07-30,150.1880
2014-07-29,150.1224
2014-07-28,150.0247
2014-07-25,149.9403
2014-07-24,149.8329
2014-07-23,149.6773
2014-07-22,149.5316
2014-07-21,149.4000
2014-07-18,149.3094
2014-07-17,149.2522
2014-07-16,149.1370
2014-07-15,148.9742
2014-07-14,148.8231
2014-07-11,148.6645
2014-07-10,148.5675
2014-07-09,148.5172
2014-07-08,148.3859
2014-07-07,148.2219
2014-07-03,148.0115
2014-07-02,147.7906
2014-07-01,147.5913
2014-06-30,147.4237
2014-06-27,147.2704
2014-06-26,147.1433
2014-06-25,146.9747
2014-06-24,146.8646
2014-06-23,146.6809
2014-06-20,146.4608
2014-06-19,146.2256
2014-06-18,146.0010
2014-06-17,145.8440
2014-06-16,145.7197
2014-06-13,145.5948
2014-06-12,145.4590
2014-06-11,145.2743
2014-06-10,145.0643
2014-06-09,144.8175
2014-06-06,144.5531
2014-06-05,144.2945
2014-06-04,144.0971
2014-06-03,143.9359
2014-06-02,143.7647
2014-05-30,143.5542
2014-05-29,143.3676
2014-05-28,143.1876
2014-05-27,143.0123
2014-05-23,142.8496
2014-05-22,142.7432
2014-05-21,142.6616
2014-05-20,142.6310
2014-05-19,142.5697
2014-05-16,142.5545
2014-05-15,142.5486
2014-05-14,142.4793
2014-05-13,142.3474
2014-05-12,142.1960
2014-05-09,142.0990
2014-05-08,142.0513
2014-05-07,142.0016
2014-05-06,141.9615
2014-05-05,141.8878
2014-05-02,141.8537
2014-05-01,141.7559
2014-04-30,141.6548
2014-04-29,141.5897
2014-04-28,141.5179
2014-04-25,141.4639
2014-04-24,141.3971
2014-04-23,141.2639
2014-04-22,141.1523
2014-04-21,141.0629
2014-04-17,141.0085
2014-04-16,140.9790
2014-04-15,140.9721
2014-04-14,141.0758
2014-04-11,141.2095
2014-04-10,141.3903
2014-04-09,141.3258
2014-04-08,141.3336
2014-04-07,141.4159
2014-04-04,141.4139
2014-04-03,141.2165
2014-04-02,141.0307
2014-04-01,140.8671
2014-03-31,140.7408
2014-03-28,140.6533
2014-03-27,140.6405
2014-03-26,140.6446
2014-03-25,140.5304
2014-03-24,140.4433
2014-03-21,140.3268
2014-03-20,140.1545
2014-03-19,140.0918
2014-03-18,139.9479
2014-03-17,139.8487
2014-03-14,139.8002
2014-03-13,139.7889
2014-03-12,139.6178
2014-03-11,139.5152
2014-03-10,139.2916
2014-03-07,139.0805
2014-03-06,138.8069
2014-03-05,138.5452
2014-03-04,138.2963
2014-03-03,138.0775
2014-02-28,137.9565
2014-02-27,137.7685
2014-02-26,137.6284
2014-02-25,137.4536
2014-02-24,137.2674
2014-02-21,137.1087
2014-02-20,136.9306
2014-02-19,136.8023
2014-02-18,136.6372
2014-02-14,136.4426
2014-02-13,136.3017
2014-02-12,136.2571
2014-02-11,136.1360
2014-02-10,136.1131
2014-02-07,136.1159
2014-02-06,136.1913
2014-02-05,136.4122
2014-02-04,136.6945
2014-02-03,136.9854
2014-01-31,137.1407
2014-01-30,137.3564
2014-01-29,137.4877
2014-01-28,137.6931
2014-01-27,137.8847
2014-01-24,138.0422
2014-01-23,138.0795
2014-01-22,138.0259
2014-01-21,137.9087
2014-01-17,137.7744
2014-01-16,137.6604
2014-01-15,137.5317
2014-01-14,137.4050
2014-01-13,137.3607
2014-01-10,137.2416
2014-01-09,137.0994
2014-01-08,136.9405
2014-01-07,136.8050
2014-01-06,136.6794
2014-01-03,136.5235
2014-01-02,136.3700
2013-12-31,136.1689
2013-12-30,135.9464
2013-12-27,135.7201
2013-12-26,135.4632
2013-12-24,135.2326
2013-12-23,135.0271
2013-12-20,134.8115
2013-12-19,134.6735
2013-12-18,134.5491
2013-12-17,134.5358
2013-12-16,134.4983
2013-12-13,134.4793
2013-12-12,134.4833
2013-12-11,134.4813
2013-12-10,134.3641
2013-12-09,134.2303
2013-12-06,134.0630
2013-12-05,133.9237
2013-12-04,133.8401
2013-12-03,133.7677
2013-12-02,133.6455
2013-11-29,133.4548
2013-11-27,133.2424
2013-11-26,133.0381
2013-11-25,132.8259
2013-11-22,132.5798
2013-11-21,132.3746
2013-11-20,132.2067
2013-11-19,132.0081
2013-11-18,131.7991
2013-11-15,131.5191
2013-11-14,131.2639
2013-11-13,131.0416
2013-11-12,130.9332
2013-11-11,130.7743
2013-11-08,130.5936
2013-11-07,130.5173
2013-11-06,130.2979
2013-11-05,130.0884
2013-11-04,129.9137
2013-11-01,129.6947
2013-10-31,129.4962
2013-10-30,129.2773
2013-10-29,128.9792
2013-10-28,128.7025
2013-10-25,128.4431
2013-10-24,128.1855
2013-10-23,127.9431
2013-10-22,127.6874
2013-10-21,127.4083
2013-10-18,127.1338
2013-10-17,126.8744
2013-10-16,126.7241
2013-10-15,126.5997
2013-10-14,126.4770
2013-10-11,126.4115
2013-10-10,126.3574
2013-10-09,126.3869
2013-10-08,126.4921
2013-10-07,126.5229
2013-10-04,126.5547
2013-10-03,126.5705
2013-10-02,126.5353
2013-10-01,126.5215
2013-09-30,126.5147
2013-09-27,126.5436
2013-09-26,126.5009
2013-09-25,126.4314
2013-09-24,126.3413
2013-09-23,126.2313
2013-09-20,126.0843
2013-09-19,125.8305
2013-09-18,125.5424
2013-09-17,125.3629
2013-09-16,125.2005
2013-09-13,124.9896
2013-09-12,124.8713
2013-09-11,124.7313
2013-09-10,124.6189
2013-09-09,124.4999
2013-09-06,124.4843
2013-09-05,124.4655
2013-09-04,124.4814
2013-09-03,124.5706
2013-08-30,124.6265
2013-08-29,124.7246
2013-08-28,124.8780
2013-08-27,125.0554
2013-08-26,125.1865
2013-08-23,125.2014
2013-08-22,125.2297
2013-08-21,125.3468
2013-08-20,125.4596
2013-08-19,125.5836
2013-08-16,125.6879
2013-08-15,125.7758
2013-08-14,125.8019
2013-08-13,125.7171
2013-08-12,125.6355
2013-08-09,125.5945
2013-08-08,125.4931
2013-08-07,125.3644
2013-08-06,125.2675
2013-08-05,125.1007
2013-08-02,124.9100
2013-08-01,124.7242
2013-07-31,124.5447
2013-07-30,124.4048
2013-07-29,124.2439
2013-07-26,124.0968
2013-07-25,123.9643
2013-07-24,123.8239
2013-07-23,123.5880
2013-07-22,123.3358
2013-07-19,123.0877
2013-07-18,122.8675
2013-07-17,122.6447
2013-07-16,122.4143
2013-07-15,122.1635
2013-07-12,121.9113
2013-07-11,121.6665
2013-07-10,121.4228
2013-07-09,121.2695
2013-07-08,121.1101
2013-07-05,120.9950
2013-07-03,120.9419
2013-07-02,120.9879
2013-07-01,121.0088
2013-06-28,121.0209
2013-06-27,121.0667
2013-06-26,121.0918
2013-06-25,121.1831
2013-06-24,121.3517
2013-06-21,121.5872
2013-06-20,121.7255
2013-06-19,121.8027
2013-06-18,121.6911
2013-06-17,121.6268
2013-06-14,121.5704
2013-06-13,121.5269
2013-06-12,121.6016
2013-06-11,121.5468
2013-06-10,121.5388
2013-06-07,121.4213
2013-06-06,121.3731
2013-06-05,121.4575
2013-06-04,121.4511
2013-06-03,121.3769
2013-05-31,121.3269
2013-05-30,121.1936
2013-05-29,121.0546
2013-05-28,120.9015
2013-05-24,120.6457
2013-05-23,120.5149
2013-05-22,120.3897
2013-05-21,120.0886
2013-05-20,119.7813
2013-05-17,119.4696
2013-05-16,119.1780
2013-05-15,118.8753
2013-05-14,118.5943
2013-05-13,118.3590
2013-05-10,118.1334
2013-05-09,117.9000
2013-05-08,117.6393
2013-05-07,117.4033
2013-05-06,117.1678
2013-05-03,116.9487
2013-05-02,116.7323
2013-05-01,116.6257
2013-04-30,116.4803
2013-04-29,116.3282
2013-04-26,116.1970
2013-04-25,116.0759
2013-04-24,115.9453
2013-04-23,115.8315
2013-04-22,115.7559
2013-04-19,115.7345
2013-04-18,115.7801
2013-04-17,115.7807
2013-04-16,115.7330
2013-04-15,115.6808
2013-04-12,115.5398
2013-04-11,115.3532
2013-04-10,115.1536
2013-04-09,115.0178
2013-04-08,114.9074
2013-04-05,114.8522
2013-04-04,114.8606
2013-04-03,114.7965
2013-04-02,114.6484
2013-04-01,114.5092
2013-03-28,114.3592
2013-03-27,114.2235
2013-03-26,114.1212
2013-03-25,113.9938
2013-03-22,113.8386
2013-03-21,113.7333
2013-03-20,113.6278
2013-03-19,113.4759
2013-03-18,113.3226
2013-03-15,113.2066
2013-03-14,113.0045
2013-03-13,112.8007
2013-03-12,112.6119
2013-03-11,112.4012
2013-03-08,112.2061
2013-03-07,111.9930
2013-03-06,111.7999
2013-03-05,111.5879
2013-03-04,111.4216
2013-03-01,111.3421
2013-02-28,111.2952
2013-02-27,111.2014
2013-02-26,111.2039
2013-02-25,111.2156
2013-02-22,111.0761
2013-02-21,111.0040
2013-02-20,110.9405
2013-02-19,110.7585
2013-02-15,110.6032
2013-02-14,110.4326
2013-02-13,110.2883
2013-02-12,110.1016
2013-02-11,109.9300
2013-02-08,109.7477
2013-02-07,109.5796
2013-02-06,109.4021
2013-02-05,109.2470
2013-02-04,109.0891
2013-02-01,108.9225
2013-01-31,108.7276
2013-01-30,108.5573
2013-01-29,108.3373
2013-01-28,108.1467
2013-01-25,107.9174
2013-01-24,107.6912
2013-01-23,107.4907
2013-01-22,107.2742
2013-01-18,107.0841
2013-01-17,106.8999
2013-01-16,106.7174
2013-01-15,106.5716
2013-01-14,106.4391
2013-01-11,106.2640
2013-01-10,106.0690
2013-01-09,105.8762
2013-01-08,105.7171
2013-01-07,105.5547
2013-01-04,105.3756
2013-01-03,105.1796
2013-01-02,104.9691
2012-12-31,104.7831
2012-12-28,104.8646
2012-12-27,104.8993
2012-12-26,104.8828
2012-12-24,104.8215
2012-12-21,104.7594
2012-12-20,104.7141
2012-12-19,104.6036
2012-12-18,104.4245
2012-12-17,104.3129
2012-12-14,104.2735
2012-12-13,104.2379
2012-12-12,104.1412
2012-12-11,104.0089
2012-12-10,103.9163
2012-12-07,103.8606
2012-12-06,103.7844
2012-12-05,103.7629
2012-12-04,103.7398
2012-12-03,103.7107
2012-11-30,103.6131
2012-11-29,103.5409
2012-11-28,103.4693
2012-11-27,103.5081
2012-11-26,103.4919
2012-11-23,103.4867
2012-11-21,103.5078
2012-11-20,103.5737
2012-11-19,103.6640
2012-11-16,103.8116
2012-11-15,104.0703
2012-11-14,104.3435
2012-11-13,104.5213
2012-11-12,104.7469
2012-11-09,104.9348
2012-11-08,105.1845
2012-11-07,105.3460
2012-11-06,105.4177
2012-11-05,105.4655
2012-11-02,105.5632
2012-11-01,105.5468
2012-10-31,105.6323
2012-10-26,105.7116
2012-10-25,105.8296
2012-10-24,105.9147
2012-10-23,106.0156
2012-10-22,106.1225
2012-10-19,106.1723
2012-10-18,106.1058
2012-10-17,106.0203
2012-10-16,105.9378
2012-10-15,105.8962
2012-10-12,105.9282
2012-10-11,105.9524
2012-10-10,105.9351
2012-10-09,105.9232
2012-10-08,105.8395
2012-10-05,105.7457
2012-10-04,105.5810
2012-10-03,105.4682
2012-10-02,105.3853
2012-10-01,105.2944
2012-09-28,105.2195
2012-09-27,105.1594
2012-09-26,105.1051
2012-09-25,105.0394
2012-09-24,104.8714
2012-09-21,104.7341
2012-09-20,104.5113
2012-09-19,104.3438
2012-09-18,104.1261
2012-09-17,103.9067
2012-09-14,103.6522
2012-09-13,103.3836
2012-09-12,103.2221
2012-09-11,103.0474
2012-09-10,102.9014
2012-09-07,102.7166
2012-09-06,102.5291
2012-09-05,102.4422
2012-09-04,102.3814
2012-08-31,102.3175
2012-08-30,102.2403
2012-08-29,102.1788
2012-08-28,102.0810
2012-08-27,101.9920
2012-08-24,101.8615
2012-08-23,101.7992
2012-08-22,101.6753
2012-08-21,101.5494
2012-08-20,101.3564
2012-08-17,101.1754
2012-08-16,100.9731
2012-08-15,100.8121
2012-08-14,100.6609
2012-08-13,100.4706
2012-08-10,100.3014
2012-08-09,100.1459
2012-08-08,99.9675
2012-08-07,99.8022
2012-08-06,99.6067
2012-08-03,99.4210
2012-08-02,99.2798
2012-08-01,99.2304
2012-07-31,99.0738
2012-07-30,98.9153
2012-07-27,98.7436
2012-07-26,98.6429
2012-07-25,98.5837
2012-07-24,98.6066
2012-07-23,98.5824
2012-07-20,98.5942
2012-07-19,98.4809
2012-07-18,98.3223
2012-07-17,98.2356
2012-07-16,98.1472
2012-07-13,98.0804
2012-07-12,98.0873
2012-07-11,98.1189
2012-07-10,98.1119
2012-07-09,98.0117
2012-07-06,97.9333
2012-07-05,97.8473
2012-07-03,97.6803
2012-07-02,97.5261
2012-06-29,97.3613
2012-06-28,97.2502
2012-06-27,97.2792
2012-06-26,97.3037
2012-06-25,97.3674
2012-06-22,97.4156
2012-06-21,97.4124
2012-06-20,97.2828
2012-06-19,97.1410
2012-06-18,97.0245
2012-06-15,96.9724
2012-06-14,96.9310
2012-06-13,96.9712
2012-06-12,97.0055
2012-06-11,97.0783
2012-06-08,97.0343
2012-06-07,97.1081
2012-06-06,97.1034
2012-06-05,97.2741
2012-06-04,97.5641
2012-06-01,97.8478
2012-05-31,98.1016
2012-05-30,98.2523
2012-05-29,98.3716
2012-05-25,98.4673
2012-05-24,98.6058
2012-05-23,98.7451
2012-05-22,98.9642
2012-05-21,99.1447
2012-05-18,99.4495
2012-05-17,99.7140
2012-05-16,99.9187
2012-05-15,100.0860
2012-05-14,100.2615
2012-05-11,100.4338
2012-05-10,100.5718
2012-05-09,100.6403
2012-05-08,100.7981
2012-05-07,100.9064
2012-05-04,101.0112
2012-05-03,101.0211
2012-05-02,100.9385
2012-05-01,100.8720
2012-04-30,100.8065
2012-04-27,100.7222
2012-04-26,100.6079
2012-04-25,100.5703
2012-04-24,100.5455
2012-04-23,100.6067
2012-04-20,100.6886
2012-04-19,100.6862
2012-04-18,100.6682
2012-04-17,100.6567
2012-04-16,100.6751
2012-04-13,100.6948
2012-04-12,100.6862
2012-04-11,100.7472
2012-04-10,100.7993
2012-04-09,100.8243
2012-04-05,100.8466
2012-04-04,100.8035
2012-04-03,100.7167
2012-04-02,100.5538
2012-03-30,100.4235
2012-03-29,100.2744
2012-03-28,100.1776
2012-03-27,100.0005
2012-03-26,99.7794
2012-03-23,99.5990
2012-03-22,99.4710
2012-03-21,99.3429
2012-03-20,99.1404
2012-03-19,98.9447
2012-03-16,98.7268
2012-03-15,98.4862
2012-03-14,98.2727
2012-03-13,98.0455
2012-03-12,97.8913
2012-03-09,97.7657
2012-03-08,97.6446
2012-03-07,97.5533
2012-03-06,97.5290
2012-03-05,97.4910
2012-03-02,97.3619
2012-03-01,97.1943
2012-02-29,97.0327
2012-02-28,96.8381
2012-02-27,96.6573
2012-02-24,96.5242
2012-02-23,96.3361
2012-02-22,96.1841
2012-02-21,96.0096
2012-02-17,95.7958
2012-02-16,95.5782
2012-02-15,95.4428
2012-02-14,95.2445
2012-02-13,95.0653
2012-02-10,94.8585
2012-02-09,94.6975
2012-02-08,94.4588
2012-02-07,94.2309
2012-02-06,94.0223
2012-02-03,93.8091
2012-02-02,93.5801
2012-02-01,93.3987
2012-01-31,93.2288
2012-01-30,93.0581
2012-01-27,92.9522
2012-01-26,92.8040
2012-01-25,92.5461
2012-01-24,92.3677
2012-01-23,92.1988
2012-01-20,91.9856
2012-01-19,91.7685
2012-01-18,91.5408
2012-01-17,91.3893
2012-01-13,91.1912
2012-01-12,91.0494
2012-01-11,90.8530
2012-01-10,90.6835
2012-01-09,90.4706
2012-01-06,90.3097
2012-01-05,90.1289
2012-01-04,89.9914
2012-01-03,89.8357
2011-12-30,89.6442
2011-12-29,89.5257
2011-12-28,89.4373
2011-12-27,89.2827
2011-12-23,89.1360
2011-12-22,89.0022
2011-12-21,88.9103
2011-12-20,88.8555
2011-12-19,88.8817
2011-12-16,88.9130
2011-12-15,88.9333
2011-12-14,88.9551
2011-12-13,89.0012
2011-12-12,88.9353
2011-12-09,88.8616
2011-12-08,88.8045
2011-12-07,88.6816
2011-12-06,88.5459
2011-12-05,88.3856
2011-12-02,88.1806
2011-12-01,87.9940
2011-11-30,87.8630
2011-11-29,87.7903
2011-11-28,87.8832
2011-11-25,88.0096
2011-11-23,88.3001
2011-11-22,88.5237
2011-11-21,88.6975
2011-11-18,88.8453
2011-11-17,88.8882
2011-11-16,88.8666
2011-11-15,88.7926
2011-11-14,88.6960
2011-11-11,88.5439
2011-11-10,88.4019
2011-11-09,88.3012
2011-11-08,88.1860
2011-11-07,87.9617
2011-11-04,87.8013
2011-11-03,87.6397
2011-11-02,87.4571
2011-11-01,87.3364
2011-10-31,87.3013
2011-10-28,87.0074
2011-10-27,86.6508
2011-10-26,86.2838
2011-10-25,86.0555
2011-10-24,85.7886
2011-10-21,85.5370
2011-10-20,85.3256
2011-10-19,85.1812
2011-10-18,84.9811
2011-10-17,84.8759
2011-10-14,84.6743
2011-10-13,84.4577
2011-10-12,84.3240
2011-10-11,84.1496
2011-10-10,84.0456
2011-10-07,83.9900
2011-10-06,83.9619
2011-10-05,84.0754
2011-10-04,84.2857
2011-10-03,84.7137
2011-09-30,84.9713
2011-09-29,85.1522
2011-09-28,85.2097
2011-09-27,85.2365
2011-09-26,85.2249
2011-09-23,85.4146
2011-09-22,85.7325
2011-09-21,86.0169
2011-09-20,85.9752
2011-09-19,85.9026
2011-09-16,85.8930
2011-09-15,85.7975
2011-09-14,85.7547
2011-09-13,85.8214
2011-09-12,85.9553
2011-09-09,86.2107
2011-09-08,86.3412
2011-09-07,86.3900
2011-09-06,86.4756
2011-09-02,86.7832
2011-09-01,86.9175
2011-08-31,86.8764
2011-08-30,86.8195
2011-08-29,86.8386
2011-08-26,86.9216
2011-08-25,87.2092
2011-08-24,87.3513
2011-08-23,87.6328
2011-08-22,88.0850
2011-08-19,88.4712
2011-08-18,88.9899
2011-08-17,89.3704
2011-08-16,89.5924
2011-08-15,89.8718
2011-08-12,90.1771
2011-08-11,90.5368
2011-08-10,91.1785
2011-08-09,91.7704
2011-08-08,92.4604
2011-08-05,93.1105
2011-08-04,93.5160
2011-08-03,93.8143
2011-08-02,94.0749
2011-08-01,94.2454
2011-07-29,94.2754
2011-07-28,94.4058
2011-07-27,94.4663
2011-07-26,94.4348
2011-07-25,94.3406
2011-07-22,94.2637
2011-07-21,94.1211
2011-07-20,94.0225
2011-07-19,93.9302
2011-07-18,93.9190
2011-07-15,93.9178
2011-07-14,93.8885
2011-07-13,93.8323
2011-07-12,93.7776
2011-07-11,93.7386
2011-07-08,93.6440
2011-07-07,93.4909
2011-07-06,93.2636
2011-07-05,93.1017
2011-07-01,92.9113
2011-06-30,92.7974
2011-06-29,92.7189
2011-06-28,92.6803
2011-06-27,92.7266
2011-06-24,92.8516
2011-06-23,92.9184
2011-06-22,93.0465
2011-06-21,93.0856
2011-06-20,93.1662
2011-06-17,93.3382
2011-06-16,93.4609
2011-06-15,93.6609
2011-06-14,93.8165
2011-06-13,93.9539
2011-06-10,94.1502
2011-06-09,94.3095
2011-06-08,94.4831
2011-06-07,94.6729
2011-06-06,94.8317
2011-06-03,94.9725
2011-06-02,95.1261
2011-06-01,95.1990
2011-05-31,95.1512
2011-05-27,95.0861
2011-05-26,95.0874
2011-05-25,95.1534
2011-05-24,95.2572
2011-05-23,95.3144
2011-05-20,95.4003
2011-05-19,95.3760
2011-05-18,95.3242
2011-05-17,95.3463
2011-05-16,95.3989
2011-05-13,95.4100
2011-05-12,95.3456
2011-05-11,95.3272
2011-05-10,95.2301
2011-05-09,95.1511
2011-05-06,95.1129
2011-05-05,95.0354
2011-05-04,94.9989
2011-05-03,94.8803
2011-05-02,94.7395
2011-04-29,94.5310
2011-04-28,94.3586
2011-04-27,94.2066
2011-04-26,94.0623
2011-04-25,93.9587
2011-04-21,93.8640
2011-04-20,93.7595
2011-04-19,93.6909
2011-04-18,93.7229
2011-04-15,93.7743
2011-04-14,93.7647
2011-04-13,93.8039
2011-04-12,93.7781
2011-04-11,93.7688
2011-04-08,93.6954
2011-04-07,93.5729
2011-04-06,93.4656
2011-04-05,93.3283
2011-04-04,93.2310
2011-04-01,93.0979
2011-03-31,92.9546
2011-03-30,92.8455
2011-03-29,92.7321
2011-03-28,92.6937
2011-03-25,92.6160
2011-03-24,92.5524
2011-03-23,92.5237
2011-03-22,92.5626
2011-03-21,92.5689
2011-03-18,92.5938
2011-03-17,92.6440
2011-03-16,92.7650
2011-03-15,92.8880
2011-03-14,93.0965
2011-03-11,93.1514
2011-03-10,93.2400
2011-03-09,93.2556
2011-03-08,93.2090
2011-03-07,93.1936
2011-03-04,93.1139
2011-03-03,93.0040
2011-03-02,92.9391
2011-03-01,92.9478
2011-02-28,92.8148
2011-02-25,92.7121
2011-02-24,92.6667
2011-02-23,92.6544
2011-02-22,92.5964
2011-02-18,92.4713
2011-02-17,92.2690
2011-02-16,92.1009
2011-02-15,91.9191
2011-02-14,91.7451
2011-02-11,91.5590
2011-02-10,91.4201
2011-02-09,91.2823
2011-02-08,91.1040
2011-02-07,90.9187
2011-02-04,90.7517
2011-02-03,90.6053
2011-02-02,90.4755
2011-02-01,90.3346
2011-01-31,90.2247
2011-01-28,90.1746
2011-01-27,90.0216
2011-01-26,89.8794
2011-01-25,89.7402
2011-01-24,89.6257
2011-01-21,89.5247
2011-01-20,89.3899
2011-01-19,89.2898
2011-01-18,89.1099
2011-01-14,88.9273
2011-01-13,88.7835
2011-01-12,88.6094
2011-01-11,88.4426
2011-01-10,88.2996
2011-01-07,88.1884
2011-01-06,88.0258
2011-01-05,87.8444
2011-01-04,87.7029
2011-01-03,87.5142
2010-12-31,87.3457
2010-12-30,87.2234
2010-12-29,87.0787
2010-12-28,86.9133
2010-12-27,86.7419
2010-12-23,86.5993
2010-12-22,86.4226
2010-12-21,86.2390
2010-12-20,86.0684
2010-12-17,85.9008
2010-12-16,85.7526
2010-12-15,85.6177
2010-12-14,85.4638
2010-12-13,85.2791
2010-12-10,85.0710
2010-12-09,84.8932
2010-12-08,84.7107
2010-12-07,84.5657
2010-12-06,84.3606
2010-12-03,84.2041
2010-12-02,84.0636
2010-12-01,83.9623
2010-11-30,83.8978
2010-11-29,83.9332
2010-11-26,83.9497
2010-11-24,83.9354
2010-11-23,83.9212
2010-11-22,83.9263
2010-11-19,83.8859
2010-11-18,83.8384
2010-11-17,83.8101
2010-11-16,83.8341
2010-11-15,83.8086
2010-11-12,83.7132
2010-11-11,83.6059
2010-11-10,83.4763
2010-11-09,83.3122
2010-11-08,83.0824
2010-11-05,82.8528
2010-11-04,82.6063
2010-11-03,82.3960
2010-11-02,82.2500
2010-11-01,82.1047
2010-10-29,81.9653
2010-10-28,81.8600
2010-10-27,81.7122
2010-10-26,81.6086
2010-10-25,81.4882
2010-10-22,81.3010
2010-10-21,81.1467
2010-10-20,80.9763
