date,daily_obv
2024-06-28,125498898.0000
2024-06-27,131097469.0000
2024-06-26,127477814.0000
2024-06-25,124275114.0000
2024-06-24,117938390.0000
2024-06-21,124961234.0000
2024-06-20,129309072.0000
2024-06-18,134119939.0000
2024-06-17,130688274.0000
2024-06-14,126078735.0000
2024-06-13,120266689.0000
2024-06-12,111457810.0000
2024-06-11,107759023.0000
2024-06-10,103730600.0000
2024-06-07,100265378.0000
2024-06-06,103328965.0000
2024-06-05,124672929.0000
2024-06-04,121646783.0000
2024-06-03,119086514.0000
2024-05-31,114875258.0000
2024-05-30,109541287.0000
2024-05-29,112934876.0000
2024-05-28,118539837.0000
2024-05-24,114505121.0000
2024-05-23,111949880.0000
2024-05-22,115761187.0000
2024-05-21,119011768.0000
2024-05-20,116558192.0000
2024-05-17,113958607.0000
2024-05-16,110684572.0000
2024-05-15,114031953.0000
2024-05-14,109632468.0000
2024-05-13,106374744.0000
2024-05-10,103266302.0000
2024-05-09,99919143.0000
2024-05-08,96433094.0000
2024-05-07,93218216.0000
2024-05-06,89766914.0000
2024-05-03,84984372.0000
2024-05-02,80397513.0000
2024-05-01,76425089.0000
2024-04-30,82540466.0000
2024-04-29,86905302.0000
2024-04-26,83652097.0000
2024-04-25,78744984.0000
2024-04-24,83621212.0000
2024-04-23,91309049.0000
2024-04-22,87051649.0000
2024-04-19,81233561.0000
2024-04-18,91021015.0000
2024-04-17,96658301.0000
2024-04-16,103814530.0000
2024-04-15,110575949.0000
2024-04-12,120105993.0000
2024-04-11,127065716.0000
2024-04-10,121955815.0000
2024-04-09,128889203.0000
2024-04-08,123715383.0000
2024-04-05,118990342.0000
2024-04-04,113439563.0000
2024-04-03,120241188.0000
2024-04-02,114073270.0000
2024-04-01,118862877.0000
2024-03-28,124571997.0000
2024-03-27,128637015.0000
2024-03-26,123685586.0000
2024-03-25,131759088.0000
2024-03-22,137840365.0000
2024-03-21,143721868.0000
2024-03-20,138677188.0000
2024-03-19,132497832.0000
2024-03-18,127947584.0000
2024-03-15,124008479.0000
2024-03-14,130815566.0000
2024-03-13,135953380.0000
2024-03-12,139484063.0000
2024-03-11,134698826.0000
2024-03-08,140002982.0000
2024-03-07,146288607.0000
2024-03-06,139138805.0000
2024-03-05,133813755.0000
2024-03-04,138430258.0000
2024-03-01,142400500.0000
2024-02-29,137561079.0000
2024-02-28,130228158.0000
2024-02-27,133028760.0000
2024-02-26,129441817.0000
2024-02-23,132892621.0000
2024-02-22,128842000.0000
2024-02-21,124513464.0000
2024-02-20,120290386.0000
2024-02-16,125597170.0000
2024-02-15,131125063.0000
2024-02-14,125429352.0000
2024-02-13,119805343.0000
2024-02-12,127957585.0000
2024-02-09,132521818.0000
2024-02-08,128519224.0000
2024-02-07,124334632.0000
2024-02-06,117571217.0000
2024-02-05,113187616.0000
2024-02-02,120289473.0000
2024-02-01,114035991.0000
2024-01-31,107897631.0000
2024-01-30,115005674.0000
2024-01-29,118415627.0000
2024-01-26,113872375.0000
2024-01-25,120276398.0000
2024-01-24,116109343.0000
2024-01-23,111882376.0000
2024-01-22,108630790.0000
2024-01-19,102760378.0000
2024-01-18,97923576.0000
2024-01-17,93592291.0000
2024-01-16,99636902.0000
2024-01-12,105367741.0000
2024-01-11,100185072.0000
2024-01-10,104981659.0000
2024-01-09,100702818.0000
2024-01-08,108642385.0000
2024-01-05,101420023.0000
2024-01-04,95726788.0000
2024-01-03,99672047.0000
2024-01-02,104477096.0000
2023-12-29,113553137.0000
2023-12-28,117930022.0000
2023-12-27,113226367.0000
2023-12-26,108975893.0000
2023-12-22,105140056.0000
2023-12-21,101102227.0000
2023-12-20,96480621.0000
2023-12-19,102263855.0000
2023-12-18,98225926.0000
2023-12-15,93945451.0000
2023-12-14,99271492.0000
2023-12-13,90922349.0000
2023-12-12,82263233.0000
2023-12-11,76280676.0000
2023-12-08,71033590.0000
2023-12-07,65908312.0000
2023-12-06,62660061.0000
2023-12-05,66847937.0000
2023-12-04,70267220.0000
2023-12-01,76073299.0000
2023-11-30,71099674.0000
2023-11-29,66693984.0000
2023-11-28,70786602.0000
2023-11-27,67404160.0000
2023-11-24,71036712.0000
2023-11-22,69685440.0000
2023-11-21,65991376.0000
2023-11-20,71239563.0000
2023-11-17,67715151.0000
2023-11-16,63015012.0000
2023-11-15,59216123.0000
2023-11-14,54801316.0000
2023-11-13,47828201.0000
2023-11-10,50701142.0000
2023-11-09,46706703.0000
2023-11-08,50852318.0000
2023-11-07,47120460.0000
2023-11-06,43761882.0000
2023-11-03,39754777.0000
2023-11-02,33773342.0000
2023-11-01,29021178.0000
2023-10-31,23472019.0000
2023-10-30,18948859.0000
2023-10-27,13153098.0000
2023-10-26,18791850.0000
2023-10-25,25751251.0000
2023-10-24,31222465.0000
2023-10-23,26770952.0000
2023-10-20,32308083.0000
2023-10-19,39857697.0000
2023-10-18,46566600.0000
2023-10-17,53895861.0000
2023-10-16,49681252.0000
2023-10-13,44530311.0000
2023-10-12,48302530.0000
2023-10-11,52175459.0000
2023-10-10,47993675.0000
2023-10-09,44704035.0000
2023-10-06,41744533.0000
2023-10-05,36847314.0000
2023-10-04,40176405.0000
2023-10-03,35842665.0000
2023-10-02,42729328.0000
2023-09-29,48615481.0000
2023-09-28,54382066.0000
2023-09-27,50316291.0000
2023-09-26,45478593.0000
2023-09-25,51213327.0000
2023-09-22,47985427.0000
2023-09-21,55191955.0000
2023-09-20,59825094.0000
2023-09-19,63834509.0000
2023-09-18,67464282.0000
2023-09-15,64449711.0000
2023-09-14,68453741.0000
2023-09-13,64792840.0000
2023-09-12,62263092.0000
2023-09-11,69858388.0000
2023-09-08,66511825.0000
2023-09-07,62386602.0000
2023-09-06,64632361.0000
2023-09-05,68376429.0000
2023-09-01,72803116.0000
2023-08-31,69215145.0000
2023-08-30,73966276.0000
2023-08-29,70961760.0000
2023-08-28,67479096.0000
2023-08-25,64242385.0000
2023-08-24,59824550.0000
2023-08-23,63283341.0000
2023-08-22,60033377.0000
2023-08-21,62681428.0000
2023-08-18,59388994.0000
2023-08-17,55231327.0000
2023-08-16,62333831.0000
2023-08-15,65687484.0000
2023-08-14,70373603.0000
2023-08-11,67600691.0000
2023-08-10,70519553.0000
2023-08-09,65931227.0000
2023-08-08,69077161.0000
2023-08-07,72857247.0000
2023-08-04,70259270.0000
2023-08-03,75976536.0000
2023-08-02,79004735.0000
2023-08-01,83983803.0000
2023-07-31,87121078.0000
2023-07-28,83666541.0000
2023-07-27,80963812.0000
2023-07-26,85113255.0000
2023-07-25,78974418.0000
2023-07-24,75025110.0000
2023-07-21,71553984.0000
2023-07-20,68377271.0000
2023-07-19,72462268.0000
2023-07-18,68967352.0000
2023-07-17,65370068.0000
2023-07-14,62401801.0000
2023-07-13,66082746.0000
2023-07-12,62809319.0000
2023-07-11,58562960.0000
2023-07-10,55381089.0000
2023-07-07,52018812.0000
2023-07-06,55692061.0000
2023-07-05,61732332.0000
2023-07-03,65966456.0000
2023-06-30,63594437.0000
2023-06-29,58420745.0000
2023-06-28,54505896.0000
2023-06-27,50185224.0000
2023-06-26,45882863.0000
2023-06-23,49133563.0000
2023-06-22,53348870.0000
2023-06-21,50207849.0000
2023-06-20,53631392.0000
2023-06-16,57878273.0000
2023-06-15,63020158.0000
2023-06-14,57735174.0000
2023-06-13,52573896.0000
2023-06-12,48660811.0000
2023-06-09,44863566.0000
2023-06-08,41800698.0000
2023-06-07,38340347.0000
2023-06-06,42283240.0000
2023-06-05,39388577.0000
2023-06-02,42869731.0000
2023-06-01,35500829.0000
2023-05-31,31937274.0000
2023-05-30,36101951.0000
2023-05-26,32133500.0000
2023-05-25,29090708.0000
2023-05-24,25774836.0000
2023-05-23,29386428.0000
2023-05-22,32273692.0000
2023-05-19,29489680.0000
2023-05-18,33138723.0000
2023-05-17,29798103.0000
2023-05-16,26575458.0000
2023-05-15,28853074.0000
2023-05-12,24970513.0000
2023-05-11,27501528.0000
2023-05-10,30178150.0000
2023-05-09,26665203.0000
2023-05-08,28936252.0000
2023-05-05,25978634.0000
2023-05-04,22839240.0000
2023-05-03,27260724.0000
2023-05-02,32773763.0000
2023-05-01,37085353.0000
2023-04-28,40154650.0000
2023-04-27,36767743.0000
2023-04-26,32465366.0000
2023-04-25,36208736.0000
2023-04-24,40004164.0000
2023-04-21,37693791.0000
2023-04-20,34931485.0000
2023-04-19,37884658.0000
2023-04-18,40555969.0000
2023-04-17,37536701.0000
2023-04-14,34831415.0000
2023-04-13,37813068.0000
2023-04-12,35132198.0000
2023-04-11,38756371.0000
2023-04-10,35687370.0000
2023-04-06,33016253.0000
2023-04-05,29940030.0000
2023-04-04,33167765.0000
2023-04-03,35881043.0000
2023-03-31,32355747.0000
2023-03-30,28195903.0000
2023-03-29,24879161.0000
2023-03-28,21243092.0000
2023-03-27,23656745.0000
2023-03-24,19511950.0000
2023-03-23,15771009.0000
2023-03-22,10983816.0000
2023-03-21,15078656.0000
2023-03-20,10961027.0000
2023-03-17,7861274.0000
2023-03-16,13051181.0000
2023-03-15,8001339.0000
2023-03-14,14611732.0000
2023-03-13,9812921.0000
2023-03-10,16291614.0000
2023-03-09,24652016.0000
2023-03-08,29061645.0000
2023-03-07,26155387.0000
2023-03-06,29701528.0000
2023-03-03,27063203.0000
2023-03-02,22149604.0000
2023-03-01,19418790.0000
2023-02-28,23183514.0000
2023-02-27,26205714.0000
2023-02-24,22905566.0000
2023-02-23,26960573.0000
2023-02-22,24093380.0000
2023-02-21,27965384.0000
2023-02-17,31074560.0000
2023-02-16,34359887.0000
2023-02-15,37437388.0000
2023-02-14,34605767.0000
2023-02-13,39323804.0000
2023-02-10,36343204.0000
2023-02-09,33086499.0000
2023-02-08,36414214.0000
2023-02-07,39335717.0000
2023-02-06,34831084.0000
2023-02-03,37711182.0000
2023-02-02,44183691.0000
2023-02-01,38975765.0000
2023-01-31,34034073.0000
2023-01-30,29852387.0000
2023-01-27,33132981.0000
2023-01-26,27583459.0000
2023-01-25,24122525.0000
2023-01-24,21060842.0000
2023-01-23,23763222.0000
2023-01-20,20519939.0000
2023-01-19,17254877.0000
2023-01-18,20769754.0000
2023-01-17,24701557.0000
2023-01-13,29643560.0000
2023-01-12,26628400.0000
2023-01-11,21884940.0000
2023-01-10,16174408.0000
2023-01-09,12678689.0000
2023-01-06,16454011.0000
2023-01-05,12989234.0000
2023-01-04,16205772.0000
2023-01-03,13086685.0000
2022-12-30,18044019.0000
2022-12-29,23369466.0000
2022-12-28,19282891.0000
2022-12-27,23747535.0000
2022-12-23,28050750.0000
2022-12-22,23478769.0000
2022-12-21,29941002.0000
2022-12-20,26108554.0000
2022-12-19,21040344.0000
2022-12-16,26578833.0000
2022-12-15,31111907.0000
2022-12-14,36238659.0000
2022-12-13,40945774.0000
2022-12-12,34783949.0000
2022-12-09,31837733.0000
2022-12-08,36109088.0000
2022-12-07,32504572.0000
2022-12-06,35842549.0000
2022-12-05,39753589.0000
2022-12-02,43460582.0000
2022-12-01,47056566.0000
2022-11-30,42447938.0000
2022-11-29,37699106.0000
2022-11-28,40206876.0000
2022-11-25,43763877.0000
2022-11-23,45187321.0000
2022-11-22,42596462.0000
2022-11-21,40280498.0000
2022-11-18,42678373.0000
2022-11-17,40104003.0000
2022-11-16,43388427.0000
2022-11-15,46143550.0000
2022-11-14,41545750.0000
2022-11-11,46820062.0000
2022-11-10,41942677.0000
2022-11-09,37339045.0000
2022-11-08,40909838.0000
2022-11-07,37672642.0000
2022-11-04,34356045.0000
2022-11-03,30700601.0000
2022-11-02,35235375.0000
2022-11-01,40257910.0000
2022-10-31,48272189.0000
2022-10-28,54703150.0000
2022-10-27,50315072.0000
2022-10-26,54460335.0000
2022-10-25,58738043.0000
2022-10-24,53534647.0000
2022-10-21,47895230.0000
2022-10-20,43532800.0000
2022-10-19,46991859.0000
2022-10-18,51395092.0000
2022-10-17,46491814.0000
2022-10-14,42602298.0000
2022-10-13,47486296.0000
2022-10-12,41089405.0000
2022-10-11,44324467.0000
2022-10-10,49292575.0000
2022-10-07,53226435.0000
2022-10-06,58394511.0000
2022-10-05,62274123.0000
2022-10-04,67029895.0000
2022-10-03,61919938.0000
2022-09-30,56180941.0000
2022-09-29,63917572.0000
2022-09-28,71147693.0000
2022-09-27,62463744.0000
2022-09-26,68259403.0000
2022-09-23,73665089.0000
2022-09-22,84156580.0000
2022-09-21,89697098.0000
2022-09-20,94799500.0000
2022-09-19,98423462.0000
2022-09-16,95010817.0000
2022-09-15,99463085.0000
2022-09-14,103270545.0000
2022-09-13,99715035.0000
2022-09-12,105264209.0000
2022-09-09,102302855.0000
2022-09-08,99681294.0000
2022-09-07,95989257.0000
2022-09-06,91852306.0000
2022-09-02,97456039.0000
2022-09-01,102000262.0000
2022-08-31,95873424.0000
2022-08-30,99935963.0000
2022-08-29,104980499.0000
2022-08-26,109628052.0000
2022-08-25,114781212.0000
2022-08-24,112149922.0000
2022-08-23,109908677.0000
2022-08-22,112777861.0000
2022-08-19,116931579.0000
2022-08-18,119830609.0000
2022-08-17,116572528.0000
2022-08-16,119794853.0000
2022-08-15,115930004.0000
2022-08-12,112726071.0000
2022-08-11,109061714.0000
2022-08-10,109061714.0000
2022-08-09,105410722.0000
2022-08-08,107771246.0000
2022-08-05,111226594.0000
2022-08-04,114078684.0000
2022-08-03,117489315.0000
2022-08-02,113634536.0000
2022-08-01,117767124.0000
2022-07-29,122188493.0000
2022-07-28,116942080.0000
2022-07-27,112596745.0000
2022-07-26,108096481.0000
2022-07-25,111083671.0000
2022-07-22,107181441.0000
2022-07-21,111715303.0000
2022-07-20,107111324.0000
2022-07-19,102840688.0000
2022-07-18,99220536.0000
2022-07-15,102765416.0000
2022-07-14,98244941.0000
2022-07-13,102869781.0000
2022-07-12,108473317.0000
2022-07-11,112553588.0000
2022-07-08,116045283.0000
2022-07-07,120836624.0000
2022-07-06,117099146.0000
2022-07-05,111648218.0000
2022-07-01,105467654.0000
2022-06-30,97986174.0000
2022-06-29,105145773.0000
2022-06-28,101369912.0000
2022-06-27,110171692.0000
2022-06-24,114780282.0000
2022-06-23,109321723.0000
2022-06-22,102612949.0000
2022-06-21,107489009.0000
2022-06-17,101860661.0000
2022-06-16,94776680.0000
2022-06-15,103598549.0000
2022-06-14,95710925.0000
2022-06-13,103295115.0000
2022-06-10,113694823.0000
2022-06-09,121324516.0000
2022-06-08,124346495.0000
2022-06-07,127782938.0000
2022-06-06,125133081.0000
2022-06-03,122473599.0000
2022-06-02,125223137.0000
2022-06-01,121949416.0000
2022-05-31,126195234.0000
2022-05-27,131211748.0000
2022-05-26,127299958.0000
2022-05-25,123051705.0000
2022-05-24,117347105.0000
2022-05-23,122914406.0000
2022-05-20,117659491.0000
2022-05-19,108903635.0000
2022-05-18,115263112.0000
2022-05-17,122146682.0000
2022-05-16,117633373.0000
2022-05-13,122353213.0000
2022-05-12,116975776.0000
2022-05-11,124655013.0000
2022-05-10,132681957.0000
2022-05-09,124811207.0000
2022-05-06,135604437.0000
2022-05-05,143564084.0000
2022-05-04,154041337.0000
2022-05-03,146697288.0000
2022-05-02,141089592.0000
2022-04-29,130352573.0000
2022-04-28,138574517.0000
2022-04-27,131538325.0000
2022-04-26,125122623.0000
2022-04-25,133474522.0000
2022-04-22,125333340.0000
2022-04-21,131659777.0000
2022-04-20,136329930.0000
2022-04-19,141275180.0000
2022-04-18,137433670.0000
2022-04-14,133127802.0000
2022-04-13,136863481.0000
2022-04-12,132504771.0000
2022-04-11,139120584.0000
2022-04-08,142463368.0000
2022-04-07,147216180.0000
2022-04-06,142262127.0000
2022-04-05,147802843.0000
2022-04-04,151758945.0000
2022-04-01,146641737.0000
2022-03-31,141978670.0000
2022-03-30,147855309.0000
2022-03-29,152649643.0000
2022-03-28,147139089.0000
2022-03-25,143743755.0000
2022-03-24,140247304.0000
2022-03-23,137269987.0000
2022-03-22,141012550.0000
2022-03-21,136832036.0000
2022-03-18,132694738.0000
2022-03-17,127027829.0000
2022-03-16,121850302.0000
2022-03-15,114442971.0000
2022-03-14,108703610.0000
2022-03-11,115158586.0000
2022-03-10,121031385.0000
2022-03-09,127426173.0000
2022-03-08,121613575.0000
2022-03-07,130969650.0000
2022-03-04,139381133.0000
2022-03-03,145703611.0000
2022-03-02,154448879.0000
2022-03-01,146263711.0000
2022-02-28,155388123.0000
2022-02-25,167244065.0000
2022-02-24,155578838.0000
2022-02-23,134301618.0000
2022-02-22,146456474.0000
2022-02-18,156841500.0000
2022-02-17,167412332.0000
2022-02-16,174953323.0000
2022-02-15,167209559.0000
2022-02-14,160387265.0000
2022-02-11,170554849.0000
2022-02-10,181013435.0000
2022-02-09,190273897.0000
2022-02-08,183989438.0000
2022-02-07,178423753.0000
2022-02-04,184044665.0000
2022-02-03,175834641.0000
2022-02-02,183492912.0000
2022-02-01,176766436.0000
2022-01-31,168611545.0000
2022-01-28,159411110.0000
2022-01-27,147314303.0000
2022-01-26,159769529.0000
2022-01-25,174146875.0000
2022-01-24,190983201.0000
2022-01-21,167985365.0000
2022-01-20,184211293.0000
2022-01-19,193118896.0000
2022-01-18,201251593.0000
2022-01-14,211908458.0000
2022-01-13,201947644.0000
2022-01-12,209468919.0000
2022-01-11,201198587.0000
2022-01-10,193990641.0000
2022-01-07,204472175.0000
2022-01-06,210629711.0000
2022-01-05,218601258.0000
2022-01-04,226140865.0000
2022-01-03,232403102.0000
2021-12-31,226385799.0000
2021-12-30,231317198.0000
2021-12-29,235069029.0000
2021-12-28,230472343.0000
2021-12-27,235338187.0000
2021-12-23,230351870.0000
2021-12-22,225319186.0000
2021-12-21,220326973.0000
2021-12-20,213410310.0000
2021-12-17,223313723.0000
2021-12-16,232197174.0000
2021-12-15,239356693.0000
2021-12-14,232485440.0000
2021-12-13,239008366.0000
2021-12-10,244932244.0000
2021-12-09,238693943.0000
2021-12-08,243729370.0000
2021-12-07,239252828.0000
2021-12-06,234520908.0000
2021-12-03,227231415.0000
2021-12-02,237460346.0000
2021-12-01,227042674.0000
2021-11-30,235413165.0000
2021-11-29,244070808.0000
2021-11-26,237770047.0000
2021-11-24,245472525.0000
2021-11-23,240902937.0000
2021-11-22,234101626.0000
2021-11-19,238977554.0000
2021-11-18,243864079.0000
2021-11-17,239127256.0000
2021-11-16,242892112.0000
2021-11-15,239625114.0000
2021-11-12,236502828.0000
2021-11-11,232859237.0000
2021-11-10,229224606.0000
2021-11-09,235575264.0000
2021-11-08,240227874.0000
2021-11-05,236716264.0000
2021-11-04,231773331.0000
2021-11-03,227486047.0000
2021-11-02,223923137.0000
2021-11-01,220965356.0000
2021-10-29,217140695.0000
2021-10-28,212502954.0000
2021-10-27,208859393.0000
2021-10-26,211732907.0000
2021-10-25,208647646.0000
2021-10-22,206136181.0000
2021-10-21,209785036.0000
2021-10-20,207205586.0000
2021-10-19,203997430.0000
2021-10-18,201159168.0000
2021-10-15,197756498.0000
2021-10-14,194254879.0000
2021-10-13,190466489.0000
2021-10-12,183974126.0000
2021-10-11,190175390.0000
2021-10-08,193871062.0000
2021-10-07,197831981.0000
2021-10-06,193422786.0000
2021-10-05,186832835.0000
2021-10-04,181309591.0000
2021-10-01,190130018.0000
2021-09-30,181647822.0000
2021-09-29,191158977.0000
2021-09-28,186434811.0000
2021-09-27,194669120.0000
2021-09-24,198215720.0000
2021-09-23,194798032.0000
2021-09-22,190699989.0000
2021-09-21,184695216.0000
2021-09-20,191113340.0000
2021-09-17,202056077.0000
2021-09-16,207452172.0000
2021-09-15,210803671.0000
2021-09-14,206912285.0000
2021-09-13,210569952.0000
2021-09-10,205831612.0000
2021-09-09,209867121.0000
2021-09-08,213754950.0000
2021-09-07,217767554.0000
2021-09-03,221310045.0000
2021-09-02,225054044.0000
2021-09-01,222217121.0000
2021-08-31,218960751.0000
2021-08-30,225023667.0000
2021-08-27,222211882.0000
2021-08-26,218329682.0000
2021-08-25,223037243.0000
2021-08-24,219775831.0000
2021-08-23,216769344.0000
2021-08-20,213509946.0000
2021-08-19,210246375.0000
2021-08-18,204740658.0000
2021-08-17,209618935.0000
2021-08-16,214805186.0000
2021-08-13,211420028.0000
2021-08-12,209196465.0000
2021-08-11,206876012.0000
2021-08-10,203321582.0000
2021-08-09,200920852.0000
2021-08-06,202905236.0000
2021-08-05,200418313.0000
2021-08-04,197365487.0000
2021-08-03,201245703.0000
2021-08-02,197116075.0000
2021-07-30,202930810.0000
2021-07-29,208135290.0000
2021-07-28,205922425.0000
2021-07-27,209686155.0000
2021-07-26,213312230.0000
2021-07-23,210937899.0000
2021-07-22,207785950.0000
2021-07-21,205210201.0000
2021-07-20,202213600.0000
2021-07-19,198170524.0000
2021-07-16,210506730.0000
2021-07-15,215023282.0000
2021-07-14,219507177.0000
2021-07-13,216174966.0000
2021-07-12,220488058.0000
2021-07-09,217558895.0000
2021-07-08,214226727.0000
2021-07-07,220043832.0000
2021-07-06,215296002.0000
2021-07-02,219627348.0000
2021-07-01,215264237.0000
2021-06-30,211849722.0000
2021-06-29,208053797.0000
2021-06-28,205126171.0000
2021-06-25,202707699.0000
2021-06-24,199844633.0000
2021-06-23,196856813.0000
2021-06-22,199260968.0000
2021-06-21,196555526.0000
2021-06-18,192165747.0000
2021-06-17,197376857.0000
2021-06-16,201442190.0000
2021-06-15,205542411.0000
2021-06-14,207947450.0000
2021-06-11,205695245.0000
2021-06-10,203453745.0000
2021-06-09,200841930.0000
2021-06-08,203810019.0000
2021-06-07,201423402.0000
2021-06-04,203924022.0000
2021-06-03,201295879.0000
2021-06-02,204686834.0000
2021-06-01,201477643.0000
2021-05-28,205866685.0000
2021-05-27,202495568.0000
2021-05-26,199479704.0000
2021-05-25,196836999.0000
2021-05-24,200868806.0000
2021-05-21,197906353.0000
2021-05-20,201473806.0000
2021-05-19,196697092.0000
2021-05-18,201783362.0000
2021-05-17,204911672.0000
2021-05-14,208693259.0000
2021-05-13,203525340.0000
2021-05-12,196337149.0000
2021-05-11,204044590.0000
2021-05-10,211126091.0000
2021-05-07,217068788.0000
2021-05-06,213552168.0000
2021-05-05,208814879.0000
2021-05-04,206495662.0000
2021-05-03,211981308.0000
2021-04-30,207800496.0000
2021-04-29,213019702.0000
2021-04-28,208809822.0000
2021-04-27,212770211.0000
2021-04-26,216140853.0000
2021-04-23,213015639.0000
2021-04-22,209232430.0000
2021-04-21,213197446.0000
2021-04-20,209557366.0000
2021-04-19,213664105.0000
2021-04-16,217609848.0000
2021-04-15,214357389.0000
2021-04-14,210783561.0000
2021-04-13,214474618.0000
2021-04-12,211489085.0000
2021-04-09,208741556.0000
2021-04-08,206114026.0000
2021-04-07,202164603.0000
2021-04-06,199395708.0000
2021-04-05,202979199.0000
2021-04-01,199215104.0000
2021-03-31,194083123.0000
2021-03-30,186612779.0000
2021-03-29,190308947.0000
2021-03-26,193452278.0000
2021-03-25,190129635.0000
2021-03-24,184642339.0000
2021-03-23,188741322.0000
2021-03-22,193695926.0000
2021-03-19,190278279.0000
2021-03-18,195661032.0000
2021-03-17,200735023.0000
2021-03-16,195723469.0000
2021-03-15,199421866.0000
2021-03-12,196259595.0000
2021-03-11,191412259.0000
2021-03-10,188071541.0000
2021-03-09,180840134.0000
2021-03-08,174765047.0000
2021-03-05,180428525.0000
2021-03-04,171707260.0000
2021-03-03,178311726.0000
2021-03-02,184629362.0000
2021-03-01,190091972.0000
2021-02-26,186366720.0000
2021-02-25,193817324.0000
2021-02-24,200798609.0000
2021-02-23,197497389.0000
2021-02-22,192246334.0000
2021-02-19,195478234.0000
2021-02-18,197965332.0000
2021-02-17,200982400.0000
2021-02-16,197774372.0000
2021-02-12,202182824.0000
2021-02-11,200038353.0000
2021-02-10,197801153.0000
2021-02-09,200189957.0000
2021-02-08,202072119.0000
2021-02-05,198701049.0000
2021-02-04,196609293.0000
2021-02-03,194620951.0000
2021-02-02,191228142.0000
2021-02-01,188318829.0000
2021-01-29,184984820.0000
2021-01-28,190788467.0000
2021-01-27,187356279.0000
2021-01-26,192366651.0000
2021-01-25,194796895.0000
2021-01-22,191247898.0000
2021-01-21,193060072.0000
2021-01-20,190477510.0000
2021-01-19,187556937.0000
2021-01-15,184123147.0000
2021-01-14,187745295.0000
2021-01-13,191242738.0000
2021-01-12,188202812.0000
2021-01-11,185911275.0000
2021-01-08,188899133.0000
2021-01-07,185140671.0000
2021-01-06,181501814.0000
2021-01-05,176696864.0000
2021-01-04,173397148.0000
2020-12-31,178799762.0000
2020-12-30,175292442.0000
2020-12-29,173283307.0000
2020-12-28,175838849.0000
2020-12-24,173077576.0000
2020-12-23,171629909.0000
2020-12-22,167947742.0000
2020-12-21,170329067.0000
2020-12-18,174247152.0000
2020-12-17,180272802.0000
2020-12-16,177645807.0000
2020-12-15,174702653.0000
2020-12-14,171940052.0000
2020-12-11,174594686.0000
2020-12-10,176982575.0000
2020-12-09,179721134.0000
2020-12-08,182266922.0000
2020-12-07,180318728.0000
2020-12-04,182261809.0000
2020-12-03,179354524.0000
2020-12-02,182205610.0000
2020-12-01,179935274.0000
2020-11-30,176753740.0000
2020-11-27,180929447.0000
2020-11-25,179944737.0000
2020-11-24,182201597.0000
2020-11-23,179604078.0000
2020-11-20,177381443.0000
2020-11-19,180899000.0000
2020-11-18,177936839.0000
2020-11-17,180584666.0000
2020-11-16,183636802.0000
2020-11-13,180618047.0000
2020-11-12,178619601.0000
2020-11-11,181159384.0000
2020-11-10,178385902.0000
2020-11-09,182506723.0000
2020-11-06,174409442.0000
2020-11-05,178050061.0000
2020-11-04,174099780.0000
2020-11-03,168349607.0000
2020-11-02,164971264.0000
2020-10-30,160890868.0000
2020-10-29,166783300.0000
2020-10-28,161418129.0000
2020-10-27,167068583.0000
2020-10-26,169264690.0000
2020-10-23,172600512.0000
2020-10-22,171171058.0000
2020-10-21,168808658.0000
2020-10-20,171416387.0000
2020-10-19,168349826.0000
2020-10-16,170579409.0000
2020-10-15,172249340.0000
2020-10-14,174736436.0000
2020-10-13,176644227.0000
2020-10-12,178873966.0000
2020-10-09,176679683.0000
2020-10-08,173885606.0000
2020-10-07,172153895.0000
2020-10-06,170446064.0000
2020-10-05,173835872.0000
2020-10-02,171471418.0000
2020-10-01,174596507.0000
2020-09-30,171590857.0000
2020-09-29,167286353.0000
2020-09-28,169593684.0000
2020-09-25,167155771.0000
2020-09-24,164471802.0000
2020-09-23,161341138.0000
2020-09-22,164096922.0000
2020-09-21,161355389.0000
2020-09-18,165892226.0000
2020-09-17,169313241.0000
2020-09-16,172161564.0000
2020-09-15,174477786.0000
2020-09-14,171906858.0000
2020-09-11,168850765.0000
2020-09-10,165160511.0000
2020-09-09,168749495.0000
2020-09-08,165409660.0000
2020-09-04,169687920.0000
2020-09-03,174821855.0000
2020-09-02,181713822.0000
2020-09-01,176440748.0000
2020-08-31,173429965.0000
2020-08-28,178497945.0000
2020-08-27,174959200.0000
2020-08-26,172663273.0000
2020-08-25,170057290.0000
2020-08-24,167166457.0000
2020-08-21,164816901.0000
2020-08-20,162500678.0000
2020-08-19,160091409.0000
2020-08-18,162589707.0000
2020-08-17,160173888.0000
2020-08-14,158016318.0000
2020-08-13,158016318.0000
2020-08-12,162090512.0000
2020-08-11,159136851.0000
2020-08-10,162708081.0000
2020-08-07,160589927.0000
2020-08-06,157270309.0000
2020-08-05,153182151.0000
2020-08-04,150561407.0000
2020-08-03,148432192.0000
2020-07-31,144663171.0000
2020-07-30,140202528.0000
2020-07-29,143154268.0000
2020-07-28,140783421.0000
2020-07-27,143918982.0000
2020-07-24,141665651.0000
2020-07-23,144516622.0000
2020-07-22,148003730.0000
2020-07-21,143882591.0000
2020-07-20,140227037.0000
2020-07-17,137689973.0000
2020-07-16,135445056.0000
2020-07-15,139174607.0000
2020-07-14,132592342.0000
2020-07-13,128568036.0000
2020-07-10,132212543.0000
2020-07-09,129501421.0000
2020-07-08,132656054.0000
2020-07-07,130228743.0000
2020-07-06,133635389.0000
2020-07-02,130075564.0000
2020-07-01,126422347.0000
2020-06-30,122719688.0000
2020-06-29,117520555.0000
2020-06-26,114055957.0000
2020-06-25,118533777.0000
2020-06-24,114642737.0000
2020-06-23,119164688.0000
2020-06-22,116666919.0000
2020-06-19,114169184.0000
2020-06-18,117646699.0000
2020-06-17,114904829.0000
2020-06-16,117553661.0000
2020-06-15,112277248.0000
2020-06-12,107865872.0000
2020-06-11,101636032.0000
2020-06-10,109355090.0000
2020-06-09,114945563.0000
2020-06-08,119625986.0000
2020-06-05,114073166.0000
2020-06-04,108059685.0000
2020-06-03,111873082.0000
2020-06-02,106370825.0000
2020-06-01,102038649.0000
2020-05-29,98150465.0000
2020-05-28,91101722.0000
2020-05-27,95732336.0000
2020-05-26,90587834.0000
2020-05-22,85683662.0000
2020-05-21,83388800.0000
2020-05-20,86964784.0000
2020-05-19,82083737.0000
2020-05-18,86989758.0000
2020-05-15,80233362.0000
2020-05-14,76847498.0000
2020-05-13,69121859.0000
2020-05-12,74721523.0000
2020-05-11,79857866.0000
2020-05-08,76394355.0000
2020-05-07,73188884.0000
2020-05-06,69791635.0000
2020-05-05,72805213.0000
2020-05-04,68380337.0000
2020-05-01,64260722.0000
2020-04-30,69050241.0000
2020-04-29,76411322.0000
2020-04-28,69654861.0000
2020-04-27,75491361.0000
2020-04-24,71605216.0000
2020-04-23,66837036.0000
2020-04-22,74469284.0000
2020-04-21,68843019.0000
2020-04-20,75353114.0000
2020-04-17,81834754.0000
2020-04-16,75097621.0000
2020-04-15,69217124.0000
2020-04-14,74094508.0000
2020-04-13,67473130.0000
2020-04-09,75130858.0000
2020-04-08,66323517.0000
2020-04-07,59387101.0000
2020-04-06,46516162.0000
2020-04-03,38938889.0000
2020-04-02,44428258.0000
2020-04-01,37923282.0000
2020-03-31,51607761.0000
2020-03-30,61941353.0000
2020-03-27,53235715.0000
2020-03-26,64403315.0000
2020-03-25,52032466.0000
2020-03-24,40176476.0000
2020-03-23,27070929.0000
2020-03-20,41159276.0000
2020-03-19,52678281.0000
2020-03-18,40291646.0000
2020-03-17,60379275.0000
2020-03-16,45320370.0000
2020-03-13,62510407.0000
2020-03-12,42987207.0000
2020-03-11,67539755.0000
2020-03-10,79000967.0000
2020-03-09,68157422.0000
2020-03-06,84498808.0000
2020-03-05,91167308.0000
2020-03-04,97355965.0000
2020-03-03,92111476.0000
2020-03-02,101878029.0000
2020-02-28,89484231.0000
2020-02-27,112663790.0000
2020-02-26,127524000.0000
2020-02-25,137757177.0000
2020-02-24,146195231.0000
2020-02-21,153272976.0000
2020-02-20,155951004.0000
2020-02-19,160559316.0000
2020-02-18,158313997.0000
2020-02-14,161314058.0000
2020-02-13,159677065.0000
2020-02-12,161715661.0000
2020-02-11,159642461.0000
2020-02-10,157206555.0000
2020-02-07,154967890.0000
2020-02-06,157216847.0000
2020-02-05,155300580.0000
2020-02-04,152254764.0000
2020-02-03,149970508.0000
2020-01-31,146717900.0000
2020-01-30,152900868.0000
2020-01-29,148493963.0000
2020-01-28,151230018.0000
2020-01-27,147772728.0000
2020-01-24,152044783.0000
2020-01-23,155492250.0000
2020-01-22,152823086.0000
2020-01-21,150080008.0000
2020-01-17,152830355.0000
2020-01-16,150612380.0000
2020-01-15,148052513.0000
2020-01-14,145237183.0000
2020-01-13,147857290.0000
2020-01-10,145129685.0000
2020-01-09,148796435.0000
2020-01-08,146627980.0000
2020-01-07,142908467.0000
2020-01-06,145160628.0000
2020-01-03,142383727.0000
2020-01-02,145631618.0000
2019-12-31,142491125.0000
2019-12-30,139978411.0000
2019-12-27,142323926.0000
2019-12-26,142323926.0000
2019-12-24,139933642.0000
2019-12-23,139933642.0000
2019-12-20,137608491.0000
2019-12-19,132622863.0000
2019-12-18,130291273.0000
2019-12-17,126997254.0000
2019-12-16,123339026.0000
2019-12-13,120197268.0000
2019-12-12,116677665.0000
2019-12-11,113405824.0000
2019-12-10,111580652.0000
2019-12-09,113403378.0000
2019-12-06,114882283.0000
2019-12-05,113272801.0000
2019-12-04,111675840.0000
2019-12-03,108487042.0000
2019-12-02,111733750.0000
2019-11-29,116150930.0000
2019-11-27,118139390.0000
2019-11-26,116508056.0000
2019-11-25,114711507.0000
2019-11-22,112666417.0000
2019-11-21,111399500.0000
2019-11-20,113709384.0000
2019-11-19,116527417.0000
2019-11-18,119824874.0000
2019-11-15,117536633.0000
2019-11-14,115644125.0000
2019-11-13,113399599.0000
2019-11-12,111674180.0000
2019-11-11,109947818.0000
2019-11-08,111073579.0000
2019-11-07,108743997.0000
2019-11-06,106050684.0000
2019-11-05,104593110.0000
2019-11-04,107595521.0000
2019-11-01,103797720.0000
2019-10-31,101429846.0000
2019-10-30,103742531.0000
2019-10-29,101924403.0000
2019-10-28,103524004.0000
2019-10-25,101770847.0000
2019-10-24,96269644.0000
2019-10-23,94047578.0000
2019-10-22,92750746.0000
2019-10-21,94353194.0000
2019-10-18,91334873.0000
2019-10-17,92489768.0000
2019-10-16,89387454.0000
2019-10-15,90540351.0000
2019-10-14,88748697.0000
2019-10-11,89964405.0000
2019-10-10,87153408.0000
2019-10-09,85598124.0000
2019-10-08,83673769.0000
2019-10-07,85832908.0000
2019-10-04,87659875.0000
2019-10-03,85751054.0000
2019-10-02,82758409.0000
2019-10-01,87224037.0000
2019-09-30,90952535.0000
2019-09-27,88216359.0000
2019-09-26,91054789.0000
2019-09-25,93409987.0000
2019-09-24,90760463.0000
2019-09-23,95886651.0000
2019-09-20,94598303.0000
2019-09-19,96660299.0000
2019-09-18,98929550.0000
2019-09-17,96899342.0000
2019-09-16,95108471.0000
2019-09-13,96540764.0000
2019-09-12,98832972.0000
2019-09-11,96401949.0000
2019-09-10,94326354.0000
2019-09-09,92456399.0000
2019-09-06,90297925.0000
2019-09-05,88407038.0000
2019-09-04,86650391.0000
2019-09-03,85163890.0000
2019-08-30,88532448.0000
2019-08-29,92742018.0000
2019-08-28,89612616.0000
2019-08-27,86487931.0000
2019-08-26,88979109.0000
2019-08-23,86706838.0000
2019-08-22,90923201.0000
2019-08-21,92809786.0000
2019-08-20,90797369.0000
2019-08-19,92662513.0000
2019-08-16,91231112.0000
2019-08-15,88797153.0000
2019-08-14,86013832.0000
2019-08-13,90368611.0000
2019-08-12,86963287.0000
2019-08-09,89610936.0000
2019-08-08,92227222.0000
2019-08-07,88608408.0000
2019-08-06,84347191.0000
2019-08-05,79980425.0000
2019-08-02,87334434.0000
2019-08-01,92644790.0000
2019-07-31,99565759.0000
2019-07-30,104475799.0000
2019-07-29,106226860.0000
2019-07-26,109152722.0000
2019-07-25,107355761.0000
2019-07-24,109229977.0000
2019-07-23,107560092.0000
2019-07-22,105807095.0000
2019-07-19,104502104.0000
2019-07-18,106821649.0000
2019-07-17,103356945.0000
2019-07-16,105115073.0000
2019-07-15,106679273.0000
2019-07-12,105212929.0000
2019-07-11,102280575.0000
2019-07-10,100031126.0000
2019-07-09,97177506.0000
2019-07-08,94644581.0000
2019-07-05,97776426.0000
2019-07-03,101138961.0000
2019-07-02,98803163.0000
2019-07-01,95761509.0000
2019-06-28,91255909.0000
2019-06-27,88372638.0000
2019-06-26,86318058.0000
2019-06-25,89306779.0000
2019-06-24,91593861.0000
2019-06-21,95112231.0000
2019-06-20,97338223.0000
2019-06-19,94050133.0000
2019-06-18,92365647.0000
2019-06-17,90024950.0000
2019-06-14,88242337.0000
2019-06-13,89445693.0000
2019-06-12,87632008.0000
2019-06-11,89344284.0000
2019-06-10,91238815.0000
2019-06-07,88392672.0000
2019-06-06,86515246.0000
2019-06-05,84237406.0000
2019-06-04,81590884.0000
2019-06-03,78054591.0000
2019-05-31,81880205.0000
2019-05-30,85578987.0000
2019-05-29,82601795.0000
2019-05-28,87195357.0000
2019-05-24,89761436.0000
2019-05-23,87928383.0000
2019-05-22,91741584.0000
2019-05-21,95163086.0000
2019-05-20,92402273.0000
2019-05-17,95164896.0000
2019-05-16,97884409.0000
2019-05-15,94662896.0000
2019-05-14,92218490.0000
2019-05-13,87515843.0000
2019-05-10,93064060.0000
2019-05-09,89932024.0000
2019-05-08,93026832.0000
2019-05-07,95689528.0000
2019-05-06,100442066.0000
2019-05-03,104408993.0000
2019-05-02,102439677.0000
2019-05-01,105448722.0000
2019-04-30,108118078.0000
2019-04-29,106093527.0000
2019-04-26,104200991.0000
2019-04-25,102028376.0000
2019-04-24,103265785.0000
2019-04-23,104659156.0000
2019-04-22,102040833.0000
2019-04-18,100914088.0000
2019-04-17,98125024.0000
2019-04-16,99997393.0000
2019-04-15,97549370.0000
2019-04-12,99134111.0000
2019-04-11,97230720.0000
2019-04-10,98798424.0000
2019-04-09,95807514.0000
2019-04-08,97824375.0000
2019-04-05,96104095.0000
2019-04-04,94599134.0000
2019-04-03,92860672.0000
2019-04-02,90923201.0000
2019-04-01,89410575.0000
2019-03-29,86106495.0000
2019-03-28,83275170.0000
2019-03-27,81558489.0000
2019-03-26,84272850.0000
2019-03-25,81095228.0000
2019-03-22,83988821.0000
2019-03-21,88306239.0000
2019-03-20,85337940.0000
2019-03-19,88753527.0000
2019-03-18,84691722.0000
2019-03-15,82861717.0000
2019-03-14,79710462.0000
2019-03-13,81267979.0000
2019-03-12,79293701.0000
2019-03-11,77021457.0000
2019-03-08,75137238.0000
2019-03-07,79659541.0000
2019-03-06,86100744.0000
2019-03-05,88615595.0000
2019-03-04,91091534.0000
2019-03-01,94475746.0000
2019-02-28,91608692.0000
2019-02-27,93815753.0000
2019-02-26,95952278.0000
2019-02-25,100581875.0000
2019-02-22,97640574.0000
2019-02-21,95521178.0000
2019-02-20,97541483.0000
2019-02-19,95385135.0000
2019-02-15,92875815.0000
2019-02-14,90069256.0000
2019-02-13,93317079.0000
2019-02-12,89747757.0000
2019-02-11,83767247.0000
2019-02-08,80780652.0000
2019-02-07,78267715.0000
2019-02-06,82175488.0000
2019-02-05,84227712.0000
2019-02-04,80614129.0000
2019-02-01,78072411.0000
2019-01-31,74353953.0000
2019-01-30,69045879.0000
2019-01-29,63017510.0000
2019-01-28,65454373.0000
2019-01-25,67862190.0000
2019-01-24,64184737.0000
2019-01-23,61987654.0000
2019-01-22,58911243.0000
2019-01-18,64697555.0000
2019-01-17,59754262.0000
2019-01-16,56695272.0000
2019-01-15,52628547.0000
2019-01-14,47524826.0000
2019-01-11,50178199.0000
2019-01-10,52729232.0000
2019-01-09,49915729.0000
2019-01-08,45350754.0000
2019-01-07,41804105.0000
2019-01-04,38098091.0000
2019-01-03,32998003.0000
2019-01-02,36328029.0000
2018-12-31,31436700.0000
2018-12-28,24752743.0000
2018-12-27,32189096.0000
2018-12-26,22610736.0000
2018-12-24,11012771.0000
2018-12-21,19506277.0000
2018-12-20,31317830.0000
2018-12-19,43459704.0000
2018-12-18,51675261.0000
2018-12-17,56366658.0000
2018-12-14,62493846.0000
2018-12-13,67582426.0000
2018-12-12,70193191.0000
2018-12-11,66076158.0000
2018-12-10,61532984.0000
2018-12-07,55549282.0000
2018-12-06,59477655.0000
2018-12-04,67190391.0000
2018-12-03,71027758.0000
2018-11-30,67085064.0000
2018-11-29,64092312.0000
2018-11-28,67371729.0000
2018-11-27,63648469.0000
2018-11-26,60798738.0000
2018-11-23,58300208.0000
2018-11-21,59131118.0000
2018-11-20,56705624.0000
2018-11-19,61706561.0000
2018-11-16,64680355.0000
2018-11-15,62337575.0000
2018-11-14,58425675.0000
2018-11-13,62045550.0000
2018-11-12,65142551.0000
2018-11-09,67853114.0000
2018-11-08,70931840.0000
2018-11-07,73398867.0000
2018-11-06,70308105.0000
2018-11-05,68052929.0000
2018-11-02,66140736.0000
2018-11-01,69325195.0000
2018-10-31,66454501.0000
2018-10-30,62381109.0000
2018-10-29,58761978.0000
2018-10-26,63888223.0000
2018-10-25,69166992.0000
2018-10-24,64723194.0000
2018-10-23,68788940.0000
2018-10-22,73995472.0000
2018-10-19,76097448.0000
2018-10-18,78781664.0000
2018-10-17,81828468.0000
2018-10-16,78982677.0000
2018-10-15,75674202.0000
2018-10-12,78980404.0000
2018-10-11,71863746.0000
2018-10-10,80900785.0000
2018-10-09,86704685.0000
2018-10-08,88782871.0000
2018-10-05,92002427.0000
2018-10-04,94567129.0000
2018-10-03,99571525.0000
2018-10-02,97065742.0000
2018-10-01,100099864.0000
2018-09-28,98130619.0000
2018-09-27,99904922.0000
2018-09-26,96827408.0000
2018-09-25,99395800.0000
2018-09-24,101756530.0000
2018-09-21,103827421.0000
2018-09-20,105179930.0000
2018-09-19,101830264.0000
2018-09-18,99752784.0000
2018-09-17,97929143.0000
2018-09-14,100444458.0000
2018-09-13,98583462.0000
2018-09-12,96495591.0000
2018-09-11,93475760.0000
2018-09-10,90055374.0000
2018-09-07,87222723.0000
2018-09-06,89857131.0000
2018-09-05,91545031.0000
2018-09-04,96140497.0000
2018-08-31,99763796.0000
2018-08-30,96591442.0000
2018-08-29,99216941.0000
2018-08-28,97100835.0000
2018-08-27,94073639.0000
2018-08-24,91702652.0000
2018-08-23,89373404.0000
2018-08-22,91681548.0000
2018-08-21,93389614.0000
2018-08-20,91451748.0000
2018-08-17,90206286.0000
2018-08-16,87927463.0000
2018-08-15,86234325.0000
2018-08-14,88822113.0000
2018-08-13,87290305.0000
2018-08-10,90975738.0000
2018-08-09,93371200.0000
2018-08-08,94455598.0000
2018-08-07,96016383.0000
2018-08-06,93397154.0000
2018-08-03,91554156.0000
2018-08-02,89536596.0000
2018-08-01,87769270.0000
2018-07-31,89420993.0000
2018-07-30,87428495.0000
2018-07-27,89029920.0000
2018-07-26,91696651.0000
2018-07-25,93863104.0000
2018-07-24,91239755.0000
2018-07-23,88323361.0000
2018-07-20,86876341.0000
2018-07-19,89587127.0000
2018-07-18,91637600.0000
2018-07-17,89030783.0000
2018-07-16,87204912.0000
2018-07-13,88198369.0000
2018-07-12,86383441.0000
2018-07-11,83509410.0000
2018-07-10,85844462.0000
2018-07-09,84529931.0000
2018-07-06,80550462.0000
2018-07-05,77927971.0000
2018-07-03,75979881.0000
2018-07-02,77137765.0000
2018-06-29,75194628.0000
2018-06-28,71483053.0000
2018-06-27,68844645.0000
2018-06-26,72277318.0000
2018-06-25,69305998.0000
2018-06-22,75996011.0000
2018-06-21,72903341.0000
2018-06-20,76940913.0000
2018-06-19,75362734.0000
2018-06-18,77226057.0000
2018-06-15,79245746.0000
2018-06-14,81245803.0000
2018-06-13,79331709.0000
2018-06-12,81839469.0000
2018-06-11,80657249.0000
2018-06-08,78009203.0000
2018-06-07,76491750.0000
2018-06-06,79108037.0000
2018-06-05,76344869.0000
2018-06-04,74853712.0000
2018-06-01,72822230.0000
2018-05-31,70868348.0000
2018-05-30,73247152.0000
2018-05-29,71887465.0000
2018-05-25,76353286.0000
2018-05-24,78008090.0000
2018-05-23,80033478.0000
2018-05-22,78549333.0000
2018-05-21,79604685.0000
2018-05-18,78341396.0000
2018-05-17,80044531.0000
2018-05-16,81759145.0000
2018-05-15,79170427.0000
2018-05-14,81771049.0000
2018-05-11,80292846.0000
2018-05-10,78589391.0000
2018-05-09,77051772.0000
2018-05-08,75545609.0000
2018-05-07,77470097.0000
2018-05-04,74342918.0000
2018-05-03,72557708.0000
2018-05-02,75224180.0000
2018-05-01,76860599.0000
2018-04-30,74537460.0000
2018-04-27,76683561.0000
2018-04-26,74504693.0000
2018-04-25,72397902.0000
2018-04-24,70043364.0000
2018-04-23,73696817.0000
2018-04-20,75169442.0000
2018-04-19,77273298.0000
2018-04-18,79270530.0000
2018-04-17,77905461.0000
2018-04-16,75603673.0000
2018-04-13,73454434.0000
2018-04-12,76342099.0000
2018-04-11,74618499.0000
2018-04-10,76686829.0000
2018-04-09,73781278.0000
2018-04-06,70825296.0000
2018-04-05,75756870.0000
2018-04-04,72320266.0000
2018-04-03,67722224.0000
2018-04-02,64434351.0000
2018-03-29,69130746.0000
2018-03-28,66219259.0000
2018-03-27,70603391.0000
2018-03-26,73966956.0000
2018-03-23,68437958.0000
2018-03-22,72253434.0000
2018-03-21,75842825.0000
2018-03-20,78620168.0000
2018-03-19,76628725.0000
2018-03-16,79344543.0000
2018-03-15,77789969.0000
2018-03-14,79951443.0000
2018-03-13,82304145.0000
2018-03-12,85384767.0000
2018-03-09,87413941.0000
2018-03-08,84963127.0000
2018-03-07,81941510.0000
2018-03-06,84671714.0000
2018-03-05,82739720.0000
2018-03-02,79715109.0000
2018-03-01,76438611.0000
2018-02-28,81620945.0000
2018-02-27,84337568.0000
2018-02-26,87284686.0000
2018-02-23,85392695.0000
2018-02-22,82469590.0000
2018-02-21,79291868.0000
2018-02-20,82089837.0000
2018-02-16,85544205.0000
2018-02-15,88551660.0000
2018-02-14,85627815.0000
2018-02-13,81976999.0000
2018-02-12,78899308.0000
2018-02-09,74663101.0000
2018-02-08,64950006.0000
2018-02-07,71935678.0000
2018-02-06,78175828.0000
2018-02-05,66474125.0000
2018-02-02,75033331.0000
2018-02-01,80565501.0000
2018-01-31,83691208.0000
2018-01-30,78093907.0000
2018-01-29,84772854.0000
2018-01-26,89917854.0000
2018-01-25,87060585.0000
2018-01-24,83475021.0000
2018-01-23,86410530.0000
2018-01-22,84249449.0000
2018-01-19,82641661.0000
2018-01-18,80100497.0000
2018-01-17,83254730.0000
2018-01-16,81387032.0000
2018-01-12,85106595.0000
2018-01-11,83051682.0000
2018-01-10,80771389.0000
2018-01-09,82725015.0000
2018-01-08,80595205.0000
2018-01-05,78119012.0000
2018-01-04,75928850.0000
2018-01-03,73010822.0000
2018-01-02,70093170.0000
2017-12-29,67308887.0000
2017-12-28,69635611.0000
2017-12-27,67288900.0000
2017-12-26,65909474.0000
2017-12-22,67401732.0000
2017-12-21,69290243.0000
2017-12-20,67027882.0000
2017-12-19,69597874.0000
2017-12-18,72768170.0000
2017-12-15,70678590.0000
2017-12-14,67507839.0000
2017-12-13,69440787.0000
2017-12-12,71249223.0000
2017-12-11,69394240.0000
2017-12-08,66880972.0000
2017-12-07,65195312.0000
2017-12-06,62525905.0000
2017-12-05,63730876.0000
2017-12-04,65615656.0000
2017-12-01,67777906.0000
2017-11-30,71553475.0000
2017-11-29,66101764.0000
2017-11-28,68543897.0000
2017-11-27,66750378.0000
2017-11-24,69404584.0000
2017-11-22,68185237.0000
2017-11-21,70328942.0000
2017-11-20,69177420.0000
2017-11-17,67757541.0000
2017-11-16,69128006.0000
2017-11-15,68055570.0000
2017-11-14,70491722.0000
2017-11-13,73255024.0000
2017-11-10,72354914.0000
2017-11-09,73373894.0000
2017-11-08,75018052.0000
2017-11-07,70313579.0000
2017-11-06,71816296.0000
2017-11-03,70127556.0000
2017-11-02,68193285.0000
2017-11-01,66285692.0000
2017-10-31,64207351.0000
2017-10-30,62849795.0000
2017-10-27,64142638.0000
2017-10-26,61317653.0000
2017-10-25,58019447.0000
2017-10-24,59962846.0000
2017-10-23,58144682.0000
2017-10-20,59245243.0000
2017-10-19,57948907.0000
2017-10-18,56295284.0000
2017-10-17,54767487.0000
2017-10-16,53435076.0000
2017-10-13,51667617.0000
2017-10-12,50599706.0000
2017-10-11,51679105.0000
2017-10-10,50642728.0000
2017-10-09,49615094.0000
2017-10-06,50383532.0000
2017-10-05,51485064.0000
2017-10-04,50013237.0000
2017-10-03,49006247.0000
2017-10-02,47690857.0000
2017-09-29,45730294.0000
2017-09-28,44004082.0000
2017-09-27,42919543.0000
2017-09-26,40815689.0000
2017-09-25,38480540.0000
2017-09-22,40004053.0000
2017-09-21,41603276.0000
2017-09-20,43503106.0000
2017-09-19,41652573.0000
2017-09-18,40353155.0000
2017-09-15,39027987.0000
2017-09-14,37608306.0000
2017-09-13,39465486.0000
2017-09-12,38309711.0000
2017-09-11,36774709.0000
2017-09-08,34767471.0000
2017-09-07,36664324.0000
2017-09-06,38284623.0000
2017-09-05,36761271.0000
2017-09-01,38983770.0000
2017-08-31,37590045.0000
2017-08-30,35387336.0000
2017-08-29,34009491.0000
2017-08-28,32615285.0000
2017-08-25,31817088.0000
2017-08-24,30596286.0000
2017-08-23,31941744.0000
2017-08-22,33405013.0000
2017-08-21,31949457.0000
2017-08-18,30667910.0000
2017-08-17,33359046.0000
2017-08-16,36755232.0000
2017-08-15,35225154.0000
2017-08-14,33915452.0000
2017-08-11,31713573.0000
2017-08-10,30129119.0000
2017-08-09,33171795.0000
2017-08-08,34706829.0000
2017-08-07,35771911.0000
2017-08-04,34923414.0000
2017-08-03,33883580.0000
2017-08-02,35149974.0000
2017-08-01,33260241.0000
2017-07-31,31585740.0000
2017-07-28,34606001.0000
2017-07-27,36970131.0000
2017-07-26,38804586.0000
2017-07-25,37230387.0000
2017-07-24,35880883.0000
2017-07-21,37158814.0000
2017-07-20,39620594.0000
2017-07-19,37922970.0000
2017-07-18,36667661.0000
2017-07-17,33521210.0000
2017-07-14,32345034.0000
2017-07-13,30702624.0000
2017-07-12,29216700.0000
2017-07-11,27724593.0000
2017-07-10,29363514.0000
2017-07-07,27563281.0000
2017-07-06,25415171.0000
2017-07-05,27957001.0000
2017-07-03,25913182.0000
2017-06-30,24150722.0000
2017-06-29,21168409.0000
2017-06-28,25781452.0000
2017-06-27,22905885.0000
2017-06-26,26382596.0000
2017-06-23,25060909.0000
2017-06-22,23803397.0000
2017-06-21,25147793.0000
2017-06-20,26569811.0000
2017-06-19,27935808.0000
2017-06-16,26502420.0000
2017-06-15,24898808.0000
2017-06-14,27069884.0000
2017-06-13,28955920.0000
2017-06-12,26785247.0000
2017-06-09,28597886.0000
2017-06-08,30715544.0000
2017-06-07,29599454.0000
2017-06-06,28270561.0000
2017-06-05,29720001.0000
2017-06-02,31551232.0000
2017-06-01,29693641.0000
2017-05-31,27582341.0000
2017-05-30,29908510.0000
2017-05-26,31420328.0000
2017-05-25,30224256.0000
2017-05-24,28659236.0000
2017-05-23,27204788.0000
2017-05-22,25945811.0000
2017-05-19,24085878.0000
2017-05-18,21649386.0000
2017-05-17,18754553.0000
2017-05-16,22262268.0000
2017-05-15,24714813.0000
2017-05-12,23273804.0000
2017-05-11,24330304.0000
2017-05-10,26186044.0000
2017-05-09,25118744.0000
2017-05-08,26755933.0000
2017-05-05,24530905.0000
2017-05-04,22801109.0000
2017-05-03,21361992.0000
2017-05-02,23011857.0000
2017-05-01,20438845.0000
2017-04-28,18932192.0000
2017-04-27,20189823.0000
2017-04-26,19035645.0000
2017-04-25,21860105.0000
2017-04-24,20114598.0000
2017-04-21,17748248.0000
2017-04-20,20342603.0000
2017-04-19,17608274.0000
2017-04-18,19640658.0000
2017-04-17,22336798.0000
2017-04-13,20589895.0000
2017-04-12,22396718.0000
2017-04-11,24399459.0000
2017-04-10,26180275.0000
2017-04-07,24868390.0000
2017-04-06,26704335.0000
2017-04-05,25068878.0000
2017-04-04,27380675.0000
2017-04-03,24899077.0000
2017-03-31,27742931.0000
2017-03-30,29074333.0000
2017-03-29,26579491.0000
2017-03-28,24830818.0000
2017-03-27,21773596.0000
2017-03-24,23856460.0000
2017-03-23,26503902.0000
2017-03-22,28940615.0000
2017-03-21,26340303.0000
2017-03-20,29808979.0000
2017-03-17,30844912.0000
2017-03-16,32433481.0000
2017-03-15,34144391.0000
2017-03-14,30785542.0000
2017-03-13,32213943.0000
2017-03-10,30825775.0000
2017-03-09,29005840.0000
2017-03-08,27369606.0000
2017-03-07,29153964.0000
2017-03-06,30897115.0000
2017-03-03,32428106.0000
2017-03-02,30662239.0000
2017-03-01,32312935.0000
2017-02-28,28987463.0000
2017-02-27,31168504.0000
2017-02-24,29226263.0000
2017-02-23,27588276.0000
2017-02-22,25871105.0000
2017-02-21,27342624.0000
2017-02-17,25449464.0000
2017-02-16,23996871.0000
2017-02-15,25917301.0000
2017-02-14,23867060.0000
2017-02-13,21338916.0000
2017-02-10,19582657.0000
2017-02-09,18170293.0000
2017-02-08,16932915.0000
2017-02-07,15836764.0000
2017-02-06,14642157.0000
2017-02-03,15987672.0000
2017-02-02,11723176.0000
2017-02-01,10061854.0000
2017-01-31,7363303.0000
2017-01-30,11150432.0000
2017-01-27,13932787.0000
2017-01-26,15360951.0000
2017-01-25,17846037.0000
2017-01-24,14973067.0000
2017-01-23,13032942.0000
2017-01-20,17619259.0000
2017-01-19,15536599.0000
2017-01-18,17203504.0000
2017-01-17,15223037.0000
2017-01-13,16913090.0000
2017-01-12,14090346.0000
2017-01-11,17334863.0000
2017-01-10,11656821.0000
2017-01-09,13846243.0000
2017-01-06,15551424.0000
2017-01-05,13356848.0000
2017-01-04,16128732.0000
2017-01-03,11506233.0000
2016-12-30,6756052.0000
2016-12-29,11007452.0000
2016-12-28,12780540.0000
2016-12-27,15008516.0000
2016-12-23,13190013.0000
2016-12-22,11910772.0000
2016-12-21,13774547.0000
2016-12-20,15320597.0000
2016-12-19,12125336.0000
2016-12-16,10083643.0000
2016-12-15,13156989.0000
2016-12-14,10344474.0000
2016-12-13,14577394.0000
2016-12-12,11907199.0000
2016-12-09,14326558.0000
2016-12-08,12354553.0000
2016-12-07,9381505.0000
2016-12-06,7127620.0000
2016-12-05,4714500.0000
2016-12-02,2643579.0000
2016-12-01,524493.0000
2016-11-30,3805900.0000
2016-11-29,6166018.0000
2016-11-28,4476408.0000
2016-11-25,6669443.0000
2016-11-23,4826352.0000
2016-11-22,3360571.0000
2016-11-21,587141.0000
2016-11-18,-2054204.0000
2016-11-17,-385921.0000
2016-11-16,-1562790.0000
2016-11-15,-367614.0000
2016-11-14,-2895707.0000
2016-11-11,-5547005.0000
2016-11-10,-3592829.0000
2016-11-09,-8717382.0000
2016-11-08,-14836461.0000
2016-11-07,-17885246.0000
2016-11-04,-20584357.0000
2016-11-03,-18362811.0000
2016-11-02,-16850664.0000
2016-11-01,-13455032.0000
2016-10-31,-10998672.0000
2016-10-28,-10998672.0000
2016-10-27,-8366640.0000
2016-10-26,-6731179.0000
2016-10-25,-5528853.0000
2016-10-24,-4063949.0000
2016-10-21,-4880920.0000
2016-10-20,-6257281.0000
2016-10-19,-4947483.0000
2016-10-18,-5988845.0000
2016-10-17,-7252226.0000
2016-10-14,-5929018.0000
2016-10-13,-7147848.0000
2016-10-12,-4740706.0000
2016-10-11,-6199378.0000
2016-10-10,-3556464.0000
2016-10-07,-4853865.0000
2016-10-06,-3058725.0000
2016-10-05,-4176117.0000
2016-10-04,-5302865.0000
2016-10-03,-2456284.0000
2016-09-30,-320253.0000
2016-09-29,-3467656.0000
2016-09-28,-1399349.0000
2016-09-27,-2819248.0000
2016-09-26,-4287603.0000
2016-09-23,-1836025.0000
2016-09-22,-422464.0000
2016-09-21,-2637707.0000
2016-09-20,-4876464.0000
2016-09-19,-6170549.0000
2016-09-16,-8231699.0000
2016-09-15,-6457493.0000
2016-09-14,-8332110.0000
2016-09-13,-5365488.0000
2016-09-12,-2000220.0000
2016-09-09,-4800382.0000
2016-09-08,-1364789.0000
2016-09-07,815685.0000
2016-09-06,2271127.0000
2016-09-02,681526.0000
2016-09-01,-874246.0000
2016-08-31,1321839.0000
2016-08-30,3665697.0000
2016-08-29,5073064.0000
2016-08-26,3932387.0000
2016-08-25,6823001.0000
2016-08-24,8085645.0000
2016-08-23,9246633.0000
2016-08-22,8032182.0000
2016-08-19,8912575.0000
2016-08-18,10103382.0000
2016-08-17,4892231.0000
2016-08-16,1734555.0000
2016-08-15,3465717.0000
2016-08-12,2414168.0000
2016-08-11,4133110.0000
2016-08-10,2487982.0000
2016-08-09,3710321.0000
2016-08-08,1889206.0000
2016-08-05,3331085.0000
2016-08-04,1512503.0000
2016-08-03,127761.0000
2016-08-02,-1929774.0000
2016-08-01,2156016.0000
2016-07-29,4267487.0000
2016-07-28,2508846.0000
2016-07-27,1571623.0000
2016-07-26,3691778.0000
2016-07-25,5097299.0000
2016-07-22,6269915.0000
2016-07-21,4590922.0000
2016-07-20,9100739.0000
2016-07-19,8004097.0000
2016-07-18,9007393.0000
2016-07-15,7851667.0000
2016-07-14,10198130.0000
2016-07-13,6507168.0000
2016-07-12,9274512.0000
2016-07-11,6918584.0000
2016-07-08,3328104.0000
2016-07-07,1279558.0000
2016-07-06,2984501.0000
2016-07-05,786663.0000
2016-07-01,3018260.0000
2016-06-30,847295.0000
2016-06-29,-2974862.0000
2016-06-28,-7122660.0000
2016-06-27,-11598159.0000
2016-06-24,-3877699.0000
2016-06-23,6432592.0000
2016-06-22,3852921.0000
2016-06-21,6097695.0000
2016-06-20,4273272.0000
2016-06-17,3080491.0000
2016-06-16,4781446.0000
2016-06-15,2037048.0000
2016-06-14,3627809.0000
2016-06-13,5678966.0000
2016-06-10,7996535.0000
2016-06-09,9929437.0000
2016-06-08,11451019.0000
2016-06-07,10409893.0000
2016-06-06,8858673.0000
2016-06-03,7681098.0000
2016-06-02,9578343.0000
2016-06-01,7976673.0000
2016-05-31,5602300.0000
2016-05-27,8421918.0000
2016-05-26,7433364.0000
2016-05-25,6208078.0000
2016-05-24,4201420.0000
2016-05-23,2215851.0000
2016-05-20,3631202.0000
2016-05-19,2042507.0000
2016-05-18,3838488.0000
2016-05-17,5780442.0000
2016-05-16,9103337.0000
2016-05-13,8028168.0000
2016-05-12,9686885.0000
2016-05-11,7903521.0000
2016-05-10,10628430.0000
2016-05-09,9607363.0000
2016-05-06,8049822.0000
2016-05-05,6498407.0000
2016-05-04,8108939.0000
2016-05-03,10188023.0000
2016-05-02,12539960.0000
2016-04-29,10901072.0000
2016-04-28,13686634.0000
2016-04-27,15264116.0000
2016-04-26,13292271.0000
2016-04-25,11577515.0000
2016-04-22,13945502.0000
2016-04-21,12081631.0000
2016-04-20,13895826.0000
2016-04-19,12259017.0000
2016-04-18,10625708.0000
2016-04-15,8280425.0000
2016-04-14,10340136.0000
2016-04-13,13554995.0000
2016-04-12,11583143.0000
2016-04-11,9992040.0000
2016-04-08,11346573.0000
2016-04-07,9302755.0000
2016-04-06,11937694.0000
2016-04-05,10076906.0000
2016-04-04,11814452.0000
2016-04-01,13073956.0000
2016-03-31,10102194.0000
2016-03-30,13110012.0000
2016-03-29,11202312.0000
2016-03-28,9597449.0000
2016-03-24,8326157.0000
2016-03-23,10200994.0000
2016-03-22,11834324.0000
2016-03-21,13355955.0000
2016-03-18,11820526.0000
2016-03-17,9197177.0000
2016-03-16,7259571.0000
2016-03-15,4558817.0000
2016-03-14,5884124.0000
2016-03-11,7296930.0000
2016-03-10,5065836.0000
2016-03-09,2975310.0000
2016-03-08,1333681.0000
2016-03-07,4718052.0000
2016-03-04,1268727.0000
2016-03-03,-1552131.0000
2016-03-02,-4703344.0000
2016-03-01,-8542775.0000
2016-02-29,-11584130.0000
2016-02-26,-8458300.0000
2016-02-25,-5897528.0000
2016-02-24,-8443570.0000
2016-02-23,-11043384.0000
2016-02-22,-8967379.0000
2016-02-19,-11570445.0000
2016-02-18,-10433536.0000
2016-02-17,-8787388.0000
2016-02-16,-11052637.0000
2016-02-12,-13413614.0000
2016-02-11,-15214048.0000
2016-02-10,-11774873.0000
2016-02-09,-9821668.0000
2016-02-08,-12182368.0000
2016-02-05,-8780352.0000
2016-02-04,-6408362.0000
2016-02-03,-9970569.0000
2016-02-02,-13841608.0000
2016-02-01,-8740430.0000
2016-01-29,-4819577.0000
2016-01-28,-9272640.0000
2016-01-27,-11889346.0000
2016-01-26,-8346352.0000
2016-01-25,-10610031.0000
2016-01-22,-7853382.0000
2016-01-21,-10463236.0000
2016-01-20,-13466796.0000
2016-01-19,-4889818.0000
2016-01-15,-10753123.0000
2016-01-14,-2666020.0000
2016-01-13,-7747447.0000
2016-01-12,-3621746.0000
2016-01-11,-6619695.0000
2016-01-08,-11100944.0000
2016-01-07,-3743770.0000
2016-01-06,1208083.0000
2016-01-05,3963172.0000
2016-01-04,1080693.0000
2015-12-31,5274209.0000
2015-12-30,7669442.0000
2015-12-29,10205399.0000
2015-12-28,8448293.0000
2015-12-24,11116593.0000
2015-12-23,12287788.0000
2015-12-22,10012330.0000
2015-12-21,7589054.0000
2015-12-18,5420365.0000
2015-12-17,9951765.0000
2015-12-16,13047773.0000
2015-12-15,6686113.0000
2015-12-14,2886790.0000
2015-12-11,166797.0000
2015-12-10,3251058.0000
2015-12-09,-832733.0000
2015-12-08,3667544.0000
2015-12-07,5389201.0000
2015-12-04,7142146.0000
2015-12-03,4241359.0000
2015-12-02,6965830.0000
2015-12-01,8965671.0000
2015-11-30,7152753.0000
2015-11-27,8703709.0000
2015-11-25,7809247.0000
2015-11-24,8567948.0000
2015-11-23,6995957.0000
2015-11-20,8304067.0000
2015-11-19,6986431.0000
2015-11-18,9141467.0000
2015-11-17,6282847.0000
2015-11-16,8162768.0000
2015-11-13,6475689.0000
2015-11-12,9699649.0000
2015-11-11,12154331.0000
2015-11-10,13269068.0000
2015-11-09,12011608.0000
2015-11-06,14139417.0000
2015-11-05,16312016.0000
2015-11-04,18497130.0000
2015-11-03,20283812.0000
2015-11-02,16363717.0000
2015-10-30,13960456.0000
2015-10-29,15972015.0000
2015-10-28,17751021.0000
2015-10-27,15499124.0000
2015-10-26,16941529.0000
2015-10-23,18091982.0000
2015-10-22,16467651.0000
2015-10-21,14969358.0000
2015-10-20,16526239.0000
2015-10-19,17677428.0000
2015-10-16,16908530.0000
2015-10-15,15667283.0000
2015-10-14,13144147.0000
2015-10-13,14328159.0000
2015-10-12,15350508.0000
2015-10-09,14465418.0000
2015-10-08,12814380.0000
2015-10-07,9704829.0000
2015-10-06,8011018.0000
2015-10-05,9336369.0000
2015-10-02,7287229.0000
2015-10-01,4980074.0000
2015-09-30,1031651.0000
2015-09-29,-2845364.0000
2015-09-28,-6064783.0000
2015-09-25,-2413235.0000
2015-09-24,1023023.0000
2015-09-23,3584671.0000
2015-09-22,5254921.0000
2015-09-21,7724398.0000
2015-09-18,6256811.0000
2015-09-17,9461997.0000
2015-09-16,12568235.0000
2015-09-15,10469361.0000
2015-09-14,8827827.0000
2015-09-11,9733151.0000
2015-09-10,7548191.0000
2015-09-09,5773756.0000
2015-09-08,7899305.0000
2015-09-04,5651349.0000
2015-09-03,7969002.0000
2015-09-02,5548830.0000
2015-09-01,3124821.0000
2015-08-31,11656517.0000
2015-08-28,13578306.0000
2015-08-27,13578306.0000
2015-08-26,6409894.0000
2015-08-25,-675132.0000
2015-08-24,7454318.0000
2015-08-21,19779215.0000
2015-08-20,25925130.0000
2015-08-19,30120818.0000
2015-08-18,31892749.0000
2015-08-17,32916555.0000
2015-08-14,30990220.0000
2015-08-13,30247769.0000
2015-08-12,31403711.0000
2015-08-11,27645003.0000
2015-08-10,32641340.0000
2015-08-07,31294610.0000
2015-08-06,33148660.0000
2015-08-05,34469892.0000
2015-08-04,33100240.0000
2015-08-03,34701907.0000
2015-07-31,37782535.0000
2015-07-30,39219777.0000
2015-07-29,38295365.0000
2015-07-28,35824116.0000
2015-07-27,34892807.0000
2015-07-24,36638425.0000
2015-07-23,38227558.0000
2015-07-22,39126828.0000
2015-07-21,40320602.0000
2015-07-20,41092984.0000
2015-07-17,39989671.0000
2015-07-16,39118478.0000
2015-07-15,38168937.0000
2015-07-14,39343695.0000
2015-07-13,38214780.0000
2015-07-10,37188674.0000
2015-07-09,35541019.0000
2015-07-08,33316115.0000
2015-07-07,35190140.0000
2015-07-06,31682682.0000
2015-07-02,33423767.0000
2015-07-01,36510870.0000
2015-06-30,33728594.0000
2015-06-29,31049182.0000
2015-06-26,33795909.0000
2015-06-25,33795909.0000
2015-06-24,36083507.0000
2015-06-23,38243858.0000
2015-06-22,36516630.0000
2015-06-19,35489602.0000
2015-06-18,36180985.0000
2015-06-17,35139419.0000
2015-06-16,33968838.0000
2015-06-15,33149057.0000
2015-06-12,34541656.0000
2015-06-11,36689396.0000
2015-06-10,35964701.0000
2015-06-09,34717013.0000
2015-06-08,36183070.0000
2015-06-05,37313197.0000
2015-06-04,38880963.0000
2015-06-03,40264313.0000
2015-06-02,39050467.0000
2015-06-01,40144821.0000
2015-05-29,38987443.0000
2015-05-28,40518375.0000
2015-05-27,41632912.0000
2015-05-26,40212827.0000
2015-05-22,41448153.0000
2015-05-21,42279741.0000
2015-05-20,41523527.0000
2015-05-19,44924805.0000
2015-05-18,45905242.0000
2015-05-15,44920755.0000
2015-05-14,44201794.0000
2015-05-13,43299495.0000
2015-05-12,42710486.0000
2015-05-11,44563148.0000
2015-05-08,45653231.0000
2015-05-07,44330328.0000
2015-05-06,43009611.0000
2015-05-05,44597690.0000
2015-05-04,45736015.0000
2015-05-01,44675995.0000
2015-04-30,42754747.0000
2015-04-29,45260459.0000
2015-04-28,46669356.0000
2015-04-27,45565561.0000
2015-04-24,46463800.0000
2015-04-23,45485546.0000
2015-04-22,44529271.0000
2015-04-21,43403911.0000
2015-04-20,44493403.0000
2015-04-17,43063067.0000
2015-04-16,45122299.0000
2015-04-15,45945569.0000
2015-04-14,45010644.0000
2015-04-13,42362820.0000
2015-04-10,43590608.0000
2015-04-09,42533845.0000
2015-04-08,41739083.0000
2015-04-07,40327033.0000
2015-04-06,41698382.0000
2015-04-02,40455918.0000
2015-04-01,38652419.0000
2015-03-31,42032314.0000
2015-03-30,44797465.0000
2015-03-27,43382883.0000
2015-03-26,41545920.0000
2015-03-25,43452134.0000
2015-03-24,44668842.0000
2015-03-23,46256507.0000
2015-03-20,46962077.0000
2015-03-19,45611942.0000
2015-03-18,46983914.0000
2015-03-17,44696506.0000
2015-03-16,46157435.0000
2015-03-13,45103285.0000
2015-03-12,46895521.0000
2015-03-11,44248662.0000
2015-03-10,46106130.0000
2015-03-09,48496586.0000
2015-03-06,47364552.0000
2015-03-05,49180185.0000
2015-03-04,48044347.0000
2015-03-03,49541856.0000
2015-03-02,50929860.0000
2015-02-27,49913300.0000
2015-02-26,50879823.0000
2015-02-25,51874024.0000
2015-02-24,53857580.0000
2015-02-23,52613369.0000
2015-02-20,54111080.0000
2015-02-19,52737127.0000
2015-02-18,53754687.0000
2015-02-17,51891792.0000
2015-02-13,50191417.0000
2015-02-12,49118305.0000
2015-02-11,47109795.0000
2015-02-10,45365902.0000
2015-02-09,43567897.0000
2015-02-06,45857192.0000
2015-02-05,47311875.0000
2015-02-04,46278116.0000
2015-02-03,48139316.0000
2015-02-02,46704295.0000
2015-01-30,43306476.0000
2015-01-29,45608912.0000
2015-01-28,41270761.0000
2015-01-27,43800113.0000
2015-01-26,45779198.0000
2015-01-23,43761179.0000
2015-01-22,46870941.0000
2015-01-21,40796581.0000
2015-01-20,39210077.0000
2015-01-16,37572453.0000
2015-01-15,36099657.0000
2015-01-14,38040339.0000
2015-01-13,43256629.0000
2015-01-12,45415144.0000
2015-01-09,47262692.0000
2015-01-08,49787903.0000
2015-01-07,48047763.0000
2015-01-06,45742211.0000
2015-01-05,47987476.0000
2015-01-02,50722186.0000
2014-12-31,50722186.0000
2014-12-30,52088181.0000
2014-12-29,55312664.0000
2014-12-26,54434019.0000
2014-12-24,53783680.0000
2014-12-23,54736409.0000
2014-12-22,52809600.0000
2014-12-19,49803830.0000
2014-12-18,48003005.0000
2014-12-17,44182803.0000
2014-12-16,38594180.0000
2014-12-15,42431572.0000
2014-12-12,45232958.0000
2014-12-11,47847298.0000
2014-12-10,45874656.0000
2014-12-09,47624454.0000
2014-12-08,49387422.0000
2014-12-05,50915181.0000
2014-12-04,48699300.0000
2014-12-03,50272343.0000
2014-12-02,48032233.0000
2014-12-01,46585440.0000
2014-11-28,48669081.0000
2014-11-26,49099314.0000
2014-11-25,48274905.0000
2014-11-24,50011653.0000
2014-11-21,48645715.0000
2014-11-20,47059487.0000
2014-11-19,46192713.0000
2014-11-18,48073378.0000
2014-11-17,46820821.0000
2014-11-14,46236215.0000
2014-11-13,44771668.0000
2014-11-12,43608089.0000
2014-11-11,46350985.0000
2014-11-10,45319370.0000
2014-11-07,43443090.0000
2014-11-06,42046659.0000
2014-11-05,40288071.0000
2014-11-04,38461540.0000
2014-11-03,40100966.0000
2014-10-31,37830975.0000
2014-10-30,35884921.0000
2014-10-29,34296069.0000
2014-10-28,35896758.0000
2014-10-27,34566570.0000
2014-10-24,36042581.0000
2014-10-23,34890001.0000
2014-10-22,33077577.0000
2014-10-21,35451810.0000
2014-10-20,32567580.0000
2014-10-17,31186396.0000
2014-10-16,28926953.0000
2014-10-15,33379581.0000
2014-10-14,38840169.0000
2014-10-13,36408238.0000
2014-10-10,38517440.0000
2014-10-09,40987341.0000
2014-10-08,42415900.0000
2014-10-07,40518386.0000
2014-10-06,41449194.0000
2014-10-03,42756158.0000
2014-10-02,41538751.0000
2014-10-01,42802542.0000
2014-09-30,45182827.0000
2014-09-29,45950992.0000
2014-09-26,47433864.0000
2014-09-25,46516981.0000
2014-09-24,48119330.0000
2014-09-23,47151045.0000
2014-09-22,47902900.0000
2014-09-19,48739600.0000
2014-09-18,49703600.0000
2014-09-17,48963600.0000
2014-09-16,47988600.0000
2014-09-15,47423500.0000
2014-09-12,48445200.0000
2014-09-11,49169200.0000
2014-09-10,48643500.0000
2014-09-09,47793700.0000
2014-09-08,48309000.0000
2014-09-05,48944900.0000
2014-09-04,48442600.0000
2014-09-03,48979300.0000
2014-09-02,49606900.0000
2014-08-29,50160700.0000
2014-08-28,49543500.0000
2014-08-27,49991200.0000
2014-08-26,50593800.0000
2014-08-25,49844300.0000
2014-08-22,48747100.0000
2014-08-21,49403600.0000
2014-08-20,48647000.0000
2014-08-19,47139200.0000
2014-08-18,46556200.0000
2014-08-15,45517100.0000
2014-08-14,47211400.0000
2014-08-13,46369400.0000
2014-08-12,45587800.0000
2014-08-11,46101700.0000
2014-08-08,44910500.0000
2014-08-07,43700600.0000
2014-08-06,45227700.0000
2014-08-05,44041900.0000
2014-08-04,45293200.0000
2014-08-01,43081200.0000
2014-07-31,46479200.0000
2014-07-30,48909700.0000
2014-07-29,48909700.0000
2014-07-28,49548700.0000
2014-07-25,49063000.0000
2014-07-24,49698700.0000
2014-07-23,49698700.0000
2014-07-22,48947800.0000
2014-07-21,47438300.0000
2014-07-18,48304300.0000
2014-07-17,47732800.0000
2014-07-16,48836700.0000
2014-07-15,48297300.0000
2014-07-14,49504300.0000
2014-07-11,49011200.0000
2014-07-10,48490800.0000
2014-07-09,49105400.0000
2014-07-08,48175100.0000
2014-07-07,48924500.0000
2014-07-03,50076300.0000
2014-07-02,49748400.0000
2014-07-01,49236900.0000
2014-06-30,48037900.0000
2014-06-27,49299100.0000
2014-06-26,48266800.0000
2014-06-25,48943600.0000
2014-06-24,48357600.0000
2014-06-23,48749300.0000
2014-06-20,49487000.0000
2014-06-19,48656700.0000
2014-06-18,47909800.0000
2014-06-17,47407900.0000
2014-06-16,44473500.0000
2014-06-13,43716800.0000
2014-06-12,42985600.0000
2014-06-11,43877000.0000
2014-06-10,44435100.0000
2014-06-09,43475200.0000
2014-06-06,43013400.0000
2014-06-05,42426600.0000
2014-06-04,41573000.0000
2014-06-03,40588100.0000
2014-06-02,41841000.0000
2014-05-30,40220800.0000
2014-05-29,39346100.0000
2014-05-28,38805100.0000
2014-05-27,39796000.0000
2014-05-23,38906000.0000
2014-05-22,38292100.0000
2014-05-21,37433100.0000
2014-05-20,36441800.0000
2014-05-19,37111200.0000
2014-05-16,36184300.0000
2014-05-15,35484700.0000
2014-05-14,38675800.0000
2014-05-13,40011500.0000
2014-05-12,39016700.0000
2014-05-09,38236600.0000
2014-05-08,37281200.0000
2014-05-07,38671900.0000
2014-05-06,37511300.0000
2014-05-05,38079000.0000
2014-05-02,37286400.0000
2014-05-01,38041200.0000
2014-04-30,37417300.0000
2014-04-29,36812000.0000
2014-04-28,35746100.0000
2014-04-25,35098300.0000
2014-04-24,36456200.0000
2014-04-23,35912300.0000
2014-04-22,36636800.0000
2014-04-21,35583500.0000
2014-04-17,34779100.0000
2014-04-16,33853600.0000
2014-04-15,31443600.0000
2014-04-14,29283500.0000
2014-04-11,27826900.0000
2014-04-10,29589300.0000
2014-04-09,30876200.0000
2014-04-08,30107400.0000
2014-04-07,28043400.0000
2014-04-04,29688400.0000
2014-04-03,31959200.0000
2014-04-02,32677500.0000
2014-04-01,30704700.0000
2014-03-31,29457200.0000
2014-03-28,28635200.0000
2014-03-27,28086300.0000
2014-03-26,29067000.0000
2014-03-25,30222600.0000
2014-03-24,29020500.0000
2014-03-21,31025400.0000
2014-03-20,31850600.0000
2014-03-19,31032400.0000
2014-03-18,32198700.0000
2014-03-17,31419000.0000
2014-03-14,29723600.0000
2014-03-13,31047100.0000
2014-03-12,32706500.0000
2014-03-11,31641500.0000
2014-03-10,32587200.0000
2014-03-07,31701900.0000
2014-03-06,32907500.0000
2014-03-05,31870500.0000
2014-03-04,30887400.0000
2014-03-03,29605900.0000
2014-02-28,31841800.0000
2014-02-27,30987900.0000
2014-02-26,29953700.0000
2014-02-25,29953700.0000
2014-02-24,30954700.0000
2014-02-21,29976100.0000
2014-02-20,30682300.0000
2014-02-19,29602300.0000
2014-02-18,31530400.0000
2014-02-14,30356100.0000
2014-02-13,29438900.0000
2014-02-12,28102300.0000
2014-02-11,26247300.0000
2014-02-10,24749900.0000
2014-02-07,23812500.0000
2014-02-06,22554300.0000
2014-02-05,21444700.0000
2014-02-04,23146100.0000
2014-02-03,22029400.0000
2014-01-31,24998800.0000
2014-01-30,26320900.0000
2014-01-29,24234200.0000
2014-01-28,25580600.0000
2014-01-27,24513200.0000
2014-01-24,27395300.0000
2014-01-23,29224200.0000
2014-01-22,30518200.0000
2014-01-21,29767000.0000
2014-01-17,28400600.0000
2014-01-16,29304900.0000
2014-01-15,30083400.0000
2014-01-14,29140300.0000
2014-01-13,28274300.0000
2014-01-10,29612800.0000
2014-01-09,28622600.0000
2014-01-08,27505400.0000
2014-01-07,24357900.0000
2014-01-06,23533200.0000
2014-01-03,24872200.0000
2014-01-02,26582700.0000
2013-12-31,28314000.0000
2013-12-30,27539600.0000
2013-12-27,28652400.0000
2013-12-26,27722700.0000
2013-12-24,26754600.0000
2013-12-23,27340300.0000
2013-12-20,25860100.0000
2013-12-19,24556600.0000
2013-12-18,25799500.0000
2013-12-17,22687100.0000
2013-12-16,24166900.0000
2013-12-13,22328800.0000
2013-12-12,24479800.0000
2013-12-11,27933600.0000
2013-12-10,29012700.0000
2013-12-09,30760400.0000
2013-12-06,29174100.0000
2013-12-05,27965400.0000
2013-12-04,29133900.0000
2013-12-03,30508000.0000
2013-12-02,31584900.0000
2013-11-29,32993900.0000
2013-11-27,33608300.0000
2013-11-26,32782000.0000
2013-11-25,33555300.0000
2013-11-22,34365300.0000
2013-11-21,32960100.0000
2013-11-20,30838500.0000
2013-11-19,32306500.0000
2013-11-18,33463000.0000
2013-11-15,34782800.0000
2013-11-14,34072500.0000
2013-11-13,32351900.0000
2013-11-12,31015600.0000
2013-11-11,31945200.0000
2013-11-08,33055100.0000
2013-11-07,31425600.0000
2013-11-06,32667700.0000
2013-11-05,31157300.0000
2013-11-04,32304300.0000
2013-11-01,29363400.0000
2013-10-31,28022100.0000
2013-10-30,29459600.0000
2013-10-29,32821700.0000
2013-10-28,31977200.0000
2013-10-25,30822200.0000
2013-10-24,29802500.0000
2013-10-23,28211300.0000
2013-10-22,29159500.0000
2013-10-21,27794600.0000
2013-10-18,26785500.0000
2013-10-17,25113600.0000
2013-10-16,22564700.0000
2013-10-15,19461900.0000
2013-10-14,21117600.0000
2013-10-11,19709200.0000
2013-10-10,18473300.0000
2013-10-09,17032100.0000
2013-10-08,17032100.0000
2013-10-07,19103700.0000
2013-10-04,19794500.0000
2013-10-03,19256100.0000
2013-10-02,20703800.0000
2013-10-01,21957400.0000
2013-09-30,20847000.0000
2013-09-27,22368800.0000
2013-09-26,23774700.0000
2013-09-25,23152500.0000
2013-09-24,23941500.0000
2013-09-23,25573900.0000
2013-09-20,26974600.0000
2013-09-19,27586000.0000
2013-09-18,30550000.0000
2013-09-17,29559100.0000
2013-09-16,27207700.0000
2013-09-13,26513800.0000
2013-09-12,25973800.0000
2013-09-11,26829300.0000
2013-09-10,26021700.0000
2013-09-09,24983100.0000
2013-09-06,23797700.0000
2013-09-05,22688500.0000
2013-09-04,23381300.0000
2013-09-03,22681100.0000
2013-08-30,21111700.0000
2013-08-29,21982000.0000
2013-08-28,21058900.0000
2013-08-27,20393000.0000
2013-08-26,21196600.0000
2013-08-23,21900600.0000
2013-08-22,21476200.0000
2013-08-21,20840400.0000
2013-08-20,21338800.0000
2013-08-19,20405500.0000
2013-08-16,21230500.0000
2013-08-15,21845500.0000
2013-08-14,22596200.0000
2013-08-13,23092500.0000
2013-08-12,21039700.0000
2013-08-09,21370200.0000
2013-08-08,21988600.0000
2013-08-07,21489600.0000
2013-08-06,21920700.0000
2013-08-05,22334300.0000
2013-08-02,22652200.0000
2013-08-01,22093600.0000
2013-07-31,21601800.0000
2013-07-30,20978300.0000
2013-07-29,20531400.0000
2013-07-26,21458500.0000
2013-07-25,20581700.0000
2013-07-24,20267500.0000
2013-07-23,21057500.0000
2013-07-22,22092300.0000
2013-07-19,21672200.0000
2013-07-18,21304600.0000
2013-07-17,20871900.0000
2013-07-16,20169500.0000
2013-07-15,20868400.0000
2013-07-12,20224500.0000
2013-07-11,19253100.0000
2013-07-10,17954800.0000
2013-07-09,17183300.0000
2013-07-08,16391300.0000
2013-07-05,15554800.0000
2013-07-03,14928400.0000
2013-07-02,14415200.0000
2013-07-01,15623900.0000
2013-06-28,14229500.0000
2013-06-27,15255900.0000
2013-06-26,14499800.0000
2013-06-25,12789000.0000
2013-06-24,11268300.0000
2013-06-21,13132000.0000
2013-06-20,11566600.0000
2013-06-19,13252800.0000
2013-06-18,14243700.0000
2013-06-17,13210400.0000
2013-06-14,12162300.0000
2013-06-13,13334900.0000
2013-06-12,12054800.0000
2013-06-11,13113100.0000
2013-06-10,14615900.0000
2013-06-07,16457100.0000
2013-06-06,14992500.0000
2013-06-05,13820000.0000
2013-06-04,14942300.0000
2013-06-03,16132900.0000
2013-05-31,15130700.0000
2013-05-30,15945500.0000
2013-05-29,15500700.0000
2013-05-28,16381900.0000
2013-05-24,15815100.0000
2013-05-23,16499900.0000
2013-05-22,17634600.0000
2013-05-21,18612600.0000
2013-05-20,18131400.0000
2013-05-17,18131400.0000
2013-05-16,17470700.0000
2013-05-15,18147300.0000
2013-05-14,17440300.0000
2013-05-13,17077300.0000
2013-05-10,18285900.0000
2013-05-09,17614800.0000
2013-05-08,18012300.0000
2013-05-07,17717400.0000
2013-05-06,17325500.0000
2013-05-03,16625800.0000
2013-05-02,16150000.0000
2013-05-01,15745300.0000
2013-04-30,16207700.0000
2013-04-29,15721400.0000
2013-04-26,15202400.0000
2013-04-25,15462100.0000
2013-04-24,15161700.0000
2013-04-23,13386000.0000
2013-04-22,12511000.0000
2013-04-19,11983100.0000
2013-04-18,11251700.0000
2013-04-17,15218600.0000
2013-04-16,15986400.0000
2013-04-15,15313000.0000
2013-04-12,15984800.0000
2013-04-11,17226000.0000
2013-04-10,16775600.0000
2013-04-09,15665400.0000
2013-04-08,15296400.0000
2013-04-05,14980500.0000
2013-04-04,15622600.0000
2013-04-03,14647600.0000
2013-04-02,15419500.0000
2013-04-01,14620200.0000
2013-03-28,15238300.0000
2013-03-27,14871900.0000
2013-03-26,15264800.0000
2013-03-25,13890300.0000
2013-03-22,14505700.0000
2013-03-21,14068700.0000
2013-03-20,14380800.0000
2013-03-19,13100900.0000
2013-03-18,13704800.0000
2013-03-15,14524300.0000
2013-03-14,15292100.0000
2013-03-13,14621600.0000
2013-03-12,14164800.0000
2013-03-11,14654600.0000
2013-03-08,14294600.0000
2013-03-07,13580300.0000
2013-03-06,13126000.0000
2013-03-05,11241600.0000
2013-03-04,10709100.0000
2013-03-01,10172600.0000
2013-02-28,8632100.0000
2013-02-27,11058800.0000
2013-02-26,10275400.0000
2013-02-25,8704000.0000
2013-02-22,9767400.0000
2013-02-21,8415100.0000
2013-02-20,9825400.0000
2013-02-19,10858600.0000
2013-02-15,10494800.0000
2013-02-14,10826100.0000
2013-02-13,10553300.0000
2013-02-12,9488600.0000
2013-02-11,9079100.0000
2013-02-08,9367200.0000
2013-02-07,8926200.0000
2013-02-06,9406200.0000
2013-02-05,8990600.0000
2013-02-04,8574000.0000
2013-02-01,9115400.0000
2013-01-31,6862100.0000
2013-01-30,7306000.0000
2013-01-29,8060700.0000
2013-01-28,7380000.0000
2013-01-25,8568600.0000
2013-01-24,7955000.0000
2013-01-23,6319500.0000
2013-01-22,5506600.0000
2013-01-18,4048600.0000
2013-01-17,1967300.0000
2013-01-16,1361600.0000
2013-01-15,1361600.0000
2013-01-14,829300.0000
2013-01-11,1304900.0000
2013-01-10,742400.0000
2013-01-09,234400.0000
2013-01-08,-980200.0000
2013-01-07,-504100.0000
2013-01-04,94100.0000
2013-01-03,-480200.0000
2013-01-02,665900.0000
2012-12-31,-1500700.0000
2012-12-28,-2765700.0000
2012-12-27,-2222600.0000
2012-12-26,-1506200.0000
2012-12-24,-1116600.0000
2012-12-21,-858700.0000
2012-12-20,-111000.0000
2012-12-19,-1973200.0000
2012-12-18,-451000.0000
2012-12-17,-1253500.0000
2012-12-14,-1710700.0000
2012-12-13,-1394700.0000
2012-12-12,-1039900.0000
2012-12-11,-1393500.0000
2012-12-10,-1980400.0000
2012-12-07,-2212100.0000
2012-12-06,-2507400.0000
2012-12-05,-2627300.0000
2012-12-04,-2884200.0000
2012-12-03,-2640500.0000
2012-11-30,-2233600.0000
2012-11-29,-1846200.0000
2012-11-28,-2139400.0000
2012-11-27,-2392700.0000
2012-11-26,-2097800.0000
2012-11-23,-1701000.0000
2012-11-21,-1883700.0000
2012-11-20,-2027500.0000
2012-11-19,-2396200.0000
2012-11-16,-2730400.0000
2012-11-15,-3133800.0000
2012-11-14,-2518400.0000
2012-11-13,-2178400.0000
2012-11-12,-1739700.0000
2012-11-09,-1919400.0000
2012-11-08,-2952100.0000
2012-11-07,-2132900.0000
2012-11-06,-1093100.0000
2012-11-05,-1368200.0000
2012-11-02,-1739400.0000
2012-11-01,-836700.0000
2012-10-31,-1154300.0000
2012-10-26,-567600.0000
2012-10-25,-260500.0000
2012-10-24,-746000.0000
2012-10-23,-380400.0000
2012-10-22,138600.0000
2012-10-19,-364900.0000
2012-10-18,-11300.0000
2012-10-17,200600.0000
2012-10-16,37100.0000
2012-10-15,-802100.0000
2012-10-12,-1163400.0000
2012-10-11,-660300.0000
2012-10-10,-1096500.0000
2012-10-09,-804600.0000
2012-10-08,-444600.0000
2012-10-05,-304900.0000
2012-10-04,-53700.0000
2012-10-03,-280300.0000
2012-10-02,-429400.0000
2012-10-01,-702300.0000
2012-09-28,-1195800.0000
2012-09-27,-931900.0000
2012-09-26,-1518700.0000
2012-09-25,-1343200.0000
2012-09-24,-1055300.0000
2012-09-21,-565500.0000
2012-09-20,729500.0000
2012-09-19,1178000.0000
2012-09-18,780500.0000
2012-09-17,997400.0000
2012-09-14,1335800.0000
2012-09-13,480000.0000
2012-09-12,145000.0000
2012-09-11,-145700.0000
2012-09-10,-494100.0000
2012-09-07,-306700.0000
2012-09-06,-819900.0000
2012-09-05,-1081100.0000
2012-09-04,-1081100.0000
2012-08-31,-733300.0000
2012-08-30,-1538700.0000
2012-08-29,-1389800.0000
2012-08-28,-1566700.0000
2012-08-27,-1373300.0000
2012-08-24,-1373300.0000
2012-08-23,-1784200.0000
2012-08-22,-1624300.0000
2012-08-21,-1974300.0000
2012-08-20,-1670200.0000
2012-08-17,-1382100.0000
2012-08-16,-1737400.0000
2012-08-15,-2369800.0000
2012-08-14,-2582800.0000
2012-08-13,-3039700.0000
2012-08-10,-2709800.0000
2012-08-09,-3046200.0000
2012-08-08,-3406800.0000
2012-08-07,-3728800.0000
2012-08-06,-4109000.0000
2012-08-03,-4656200.0000
2012-08-02,-4896000.0000
2012-08-01,-4417900.0000
2012-07-31,-3891500.0000
2012-07-30,-3209900.0000
2012-07-27,-2861600.0000
2012-07-26,-3763500.0000
2012-07-25,-4175900.0000
2012-07-24,-3666800.0000
2012-07-23,-3133100.0000
2012-07-20,-2681700.0000
2012-07-19,-2074800.0000
2012-07-18,-2591300.0000
2012-07-17,-2834200.0000
2012-07-16,-3127600.0000
2012-07-13,-2963200.0000
2012-07-12,-3443800.0000
2012-07-11,-3011100.0000
2012-07-10,-3210800.0000
2012-07-09,-2888500.0000
2012-07-06,-2710700.0000
2012-07-05,-2232400.0000
2012-07-03,-1923500.0000
2012-07-02,-2084500.0000
2012-06-29,-2343200.0000
2012-06-28,-2648200.0000
2012-06-27,-2476500.0000
2012-06-26,-2777600.0000
2012-06-25,-3130300.0000
2012-06-22,-2847100.0000
2012-06-21,-3132900.0000
2012-06-20,-2977500.0000
2012-06-19,-2741800.0000
2012-06-18,-2917000.0000
2012-06-15,-3399500.0000
2012-06-14,-3628700.0000
2012-06-13,-5810000.0000
2012-06-12,-5665100.0000
2012-06-11,-5833400.0000
2012-06-08,-5528800.0000
2012-06-07,-5748300.0000
2012-06-06,-5547300.0000
2012-06-05,-5801900.0000
2012-06-04,-6054200.0000
2012-06-01,-5840600.0000
2012-05-31,-5198800.0000
2012-05-30,-4774700.0000
2012-05-29,-3965200.0000
2012-05-25,-4271800.0000
2012-05-24,-3935400.0000
2012-05-23,-4047400.0000
2012-05-22,-4047400.0000
2012-05-21,-4701800.0000
2012-05-18,-4973300.0000
2012-05-17,-4213000.0000
2012-05-16,-3924300.0000
2012-05-15,-3593000.0000
2012-05-14,-2060500.0000
2012-05-11,-1107300.0000
2012-05-10,-742000.0000
2012-05-09,-872100.0000
2012-05-08,-498400.0000
2012-05-07,-95400.0000
2012-05-04,-1085700.0000
2012-05-03,-720500.0000
2012-05-02,-543500.0000
2012-05-01,-389300.0000
2012-04-30,-916700.0000
2012-04-27,-669100.0000
2012-04-26,-854100.0000
2012-04-25,-1011200.0000
2012-04-24,-1182900.0000
2012-04-23,-1652200.0000
2012-04-20,-1327300.0000
2012-04-19,-1439400.0000
2012-04-18,-608200.0000
2012-04-17,-187500.0000
2012-04-16,-684900.0000
2012-04-13,141900.0000
2012-04-12,2558700.0000
2012-04-11,2453200.0000
2012-04-10,2280400.0000
2012-04-09,2673000.0000
2012-04-05,3147800.0000
2012-04-04,3870100.0000
2012-04-03,4253100.0000
2012-04-02,4586900.0000
2012-03-30,4212200.0000
2012-03-29,3941500.0000
2012-03-28,6553500.0000
2012-03-27,6754800.0000
2012-03-26,7328300.0000
2012-03-23,7125300.0000
2012-03-22,7013400.0000
2012-03-21,7646600.0000
2012-03-20,7808700.0000
2012-03-19,9119500.0000
2012-03-16,8976000.0000
2012-03-15,8703800.0000
2012-03-14,8202200.0000
2012-03-13,8912100.0000
2012-03-12,8720000.0000
2012-03-09,8545300.0000
2012-03-08,8392400.0000
2012-03-07,8138800.0000
2012-03-06,7968500.0000
2012-03-05,8379600.0000
2012-03-02,9047500.0000
2012-03-01,9190300.0000
2012-02-29,8996900.0000
2012-02-28,9226500.0000
2012-02-27,9084600.0000
2012-02-24,8816800.0000
2012-02-23,8653900.0000
2012-02-22,8325900.0000
2012-02-21,8516800.0000
2012-02-17,7758600.0000
2012-02-16,7154400.0000
2012-02-15,6715900.0000
2012-02-14,6904000.0000
2012-02-13,7107400.0000
2012-02-10,6877000.0000
2012-02-09,7000500.0000
2012-02-08,6741500.0000
2012-02-07,6481800.0000
2012-02-06,6317600.0000
2012-02-03,6467800.0000
2012-02-02,6244700.0000
2012-02-01,6101700.0000
2012-01-31,6002700.0000
2012-01-30,6160100.0000
2012-01-27,6489700.0000
2012-01-26,6593800.0000
2012-01-25,6731400.0000
2012-01-24,6477400.0000
2012-01-23,6680500.0000
2012-01-20,6549600.0000
2012-01-19,6549600.0000
2012-01-18,6325100.0000
2012-01-17,6153000.0000
2012-01-13,5828800.0000
2012-01-12,5976000.0000
2012-01-11,5773800.0000
2012-01-10,5570000.0000
2012-01-09,5308800.0000
2012-01-06,5131800.0000
2012-01-05,5298700.0000
2012-01-04,5045200.0000
2012-01-03,4596800.0000
2011-12-30,4433600.0000
2011-12-29,4687900.0000
2011-12-28,4428800.0000
2011-12-27,4609100.0000
2011-12-23,4220500.0000
2011-12-22,3964100.0000
2011-12-21,2524300.0000
2011-12-20,2341700.0000
2011-12-19,2197900.0000
2011-12-16,2652000.0000
2011-12-15,1172000.0000
2011-12-14,1089500.0000
2011-12-13,2034600.0000
2011-12-12,2197400.0000
2011-12-09,2324600.0000
2011-12-08,1442400.0000
2011-12-07,1535800.0000
2011-12-06,1449200.0000
2011-12-05,1381600.0000
2011-12-02,1187100.0000
2011-12-01,1314400.0000
2011-11-30,1421700.0000
2011-11-29,997300.0000
2011-11-28,862400.0000
2011-11-25,706900.0000
2011-11-23,782500.0000
2011-11-22,1031600.0000
2011-11-21,1294900.0000
2011-11-18,1531600.0000
2011-11-17,1719700.0000
2011-11-16,2709600.0000
2011-11-15,2801500.0000
2011-11-14,2399300.0000
2011-11-11,2758800.0000
2011-11-10,2626200.0000
2011-11-09,2504400.0000
2011-11-08,2751200.0000
2011-11-07,2615500.0000
2011-11-04,2536000.0000
2011-11-03,2683400.0000
2011-11-02,2509800.0000
2011-11-01,2387200.0000
2011-10-31,2694300.0000
2011-10-28,2847700.0000
2011-10-27,2154100.0000
2011-10-26,1844900.0000
2011-10-25,-77300.0000
2011-10-24,25100.0000
2011-10-21,-113400.0000
2011-10-20,-200600.0000
2011-10-19,-268800.0000
2011-10-18,-160900.0000
2011-10-17,-420000.0000
2011-10-14,-110400.0000
2011-10-13,-533800.0000
2011-10-12,-169800.0000
2011-10-11,-678900.0000
2011-10-10,-15700.0000
2011-10-07,-183900.0000
2011-10-06,443200.0000
2011-10-05,-140600.0000
2011-10-04,-421600.0000
2011-10-03,-707200.0000
2011-09-30,-374100.0000
2011-09-29,-190800.0000
2011-09-28,-310100.0000
2011-09-27,-112800.0000
2011-09-26,-730300.0000
2011-09-23,-924100.0000
2011-09-22,-1253300.0000
2011-09-21,-832800.0000
2011-09-20,-693800.0000
2011-09-19,-539300.0000
2011-09-16,-457200.0000
2011-09-15,-536200.0000
2011-09-14,-664900.0000
2011-09-13,-1123900.0000
2011-09-12,-1317400.0000
2011-09-09,-1478700.0000
2011-09-08,-1304500.0000
2011-09-07,-1188900.0000
2011-09-06,-1388600.0000
2011-09-02,-1190700.0000
2011-09-01,-1040400.0000
2011-08-31,-765500.0000
2011-08-30,-980400.0000
2011-08-29,-1110300.0000
2011-08-26,-1269300.0000
2011-08-25,-1466800.0000
2011-08-24,-1172700.0000
2011-08-23,-1323700.0000
2011-08-22,-1625600.0000
2011-08-19,-1872000.0000
2011-08-18,-433600.0000
2011-08-17,90400.0000
2011-08-16,-70100.0000
2011-08-15,193700.0000
2011-08-12,-32200.0000
2011-08-11,-339400.0000
2011-08-10,-1258700.0000
2011-08-09,-855600.0000
2011-08-08,-1435400.0000
2011-08-05,-645100.0000
2011-08-04,-106700.0000
2011-08-03,397500.0000
2011-08-02,17000.0000
2011-08-01,275400.0000
2011-07-29,711300.0000
2011-07-28,905900.0000
2011-07-27,1075000.0000
2011-07-26,1545300.0000
2011-07-25,1684100.0000
2011-07-22,1867700.0000
2011-07-21,1777500.0000
2011-07-20,1543300.0000
2011-07-19,1543300.0000
2011-07-18,1310000.0000
2011-07-15,1404000.0000
2011-07-14,1363700.0000
2011-07-13,1419600.0000
2011-07-12,1289900.0000
2011-07-11,1422300.0000
2011-07-08,1515000.0000
2011-07-07,1620600.0000
2011-07-06,1425200.0000
2011-07-05,1330400.0000
2011-07-01,1422200.0000
2011-06-30,1282700.0000
2011-06-29,1157900.0000
2011-06-28,1032600.0000
2011-06-27,973100.0000
2011-06-24,895300.0000
2011-06-23,1009800.0000
2011-06-22,1270500.0000
2011-06-21,1376500.0000
2011-06-20,1244100.0000
2011-06-17,1190400.0000
2011-06-16,1131600.0000
2011-06-15,1065600.0000
2011-06-14,1145300.0000
2011-06-13,1069900.0000
2011-06-10,992000.0000
2011-06-09,1098700.0000
2011-06-08,1055400.0000
2011-06-07,1143000.0000
2011-06-06,1346700.0000
2011-06-03,1459900.0000
2011-06-02,1608300.0000
2011-06-01,1820100.0000
2011-05-31,2042100.0000
2011-05-27,1869600.0000
2011-05-26,1822000.0000
2011-05-25,1761600.0000
2011-05-24,1699300.0000
2011-05-23,1788900.0000
2011-05-20,1925100.0000
2011-05-19,2020500.0000
2011-05-18,1753900.0000
2011-05-17,1683400.0000
2011-05-16,1825800.0000
2011-05-13,1939300.0000
2011-05-12,2065700.0000
2011-05-11,1952200.0000
2011-05-10,2126600.0000
2011-05-09,1951100.0000
2011-05-06,1885100.0000
2011-05-05,1746600.0000
2011-05-04,1845500.0000
2011-05-03,1952500.0000
2011-05-02,2019000.0000
2011-04-29,2150000.0000
2011-04-28,2051000.0000
2011-04-27,1985000.0000
2011-04-26,1912200.0000
2011-04-25,1827200.0000
2011-04-21,1926200.0000
2011-04-20,1728400.0000
2011-04-19,1555200.0000
2011-04-18,1476300.0000
2011-04-15,1627900.0000
2011-04-14,1548200.0000
2011-04-13,1469800.0000
2011-04-12,1284700.0000
2011-04-11,1389500.0000
2011-04-08,1529100.0000
2011-04-07,1615900.0000
2011-04-06,1723000.0000
2011-04-05,1580100.0000
2011-04-04,1580100.0000
2011-04-01,1501300.0000
2011-03-31,1430900.0000
2011-03-30,1558400.0000
2011-03-29,1452900.0000
2011-03-28,1342000.0000
2011-03-25,1508100.0000
2011-03-24,1373800.0000
2011-03-23,1263000.0000
2011-03-22,1058900.0000
2011-03-21,1196700.0000
2011-03-18,1060600.0000
2011-03-17,932900.0000
2011-03-16,756700.0000
2011-03-15,1096600.0000
2011-03-14,1443400.0000
2011-03-11,1589500.0000
2011-03-10,1455200.0000
2011-03-09,1723000.0000
2011-03-08,1839400.0000
2011-03-07,1733100.0000
2011-03-04,1888300.0000
2011-03-03,2056500.0000
2011-03-02,1920100.0000
2011-03-01,1743800.0000
2011-02-28,1979100.0000
2011-02-25,1770800.0000
2011-02-24,1664500.0000
2011-02-23,1905800.0000
2011-02-22,2181800.0000
2011-02-18,2470200.0000
2011-02-17,2349400.0000
2011-02-16,2191200.0000
2011-02-15,2096900.0000
2011-02-14,2179000.0000
2011-02-11,2086800.0000
2011-02-10,1937600.0000
2011-02-09,1812400.0000
2011-02-08,1952000.0000
2011-02-07,1798500.0000
2011-02-04,1680500.0000
2011-02-03,1583500.0000
2011-02-02,1511300.0000
2011-02-01,1602300.0000
2011-01-31,1454900.0000
2011-01-28,1314400.0000
2011-01-27,2205800.0000
2011-01-26,1908600.0000
2011-01-25,1799400.0000
2011-01-24,2025900.0000
2011-01-21,1570000.0000
2011-01-20,1452100.0000
2011-01-19,1555500.0000
2011-01-18,1667400.0000
2011-01-14,1472500.0000
2011-01-13,1279100.0000
2011-01-12,1375100.0000
2011-01-11,1267800.0000
2011-01-10,1136100.0000
2011-01-07,1260600.0000
2011-01-06,1342800.0000
2011-01-05,1415200.0000
2011-01-04,697500.0000
2011-01-03,805800.0000
2010-12-31,686600.0000
2010-12-30,540900.0000
2010-12-29,619800.0000
2010-12-28,566200.0000
2010-12-27,509600.0000
2010-12-23,437800.0000
2010-12-22,495200.0000
2010-12-21,387000.0000
2010-12-20,310800.0000
2010-12-17,238200.0000
2010-12-16,179100.0000
2010-12-15,118500.0000
2010-12-14,162100.0000
2010-12-13,102500.0000
2010-12-10,25500.0000
2010-12-09,-48400.0000
2010-12-08,-103200.0000
2010-12-07,-172200.0000
2010-12-06,-281200.0000
2010-12-03,-217100.0000
2010-12-02,-401200.0000
2010-12-01,-461800.0000
2010-11-30,-495100.0000
2010-11-29,-403200.0000
2010-11-26,-357200.0000
2010-11-24,-324600.0000
2010-11-23,-354700.0000
2010-11-22,-212300.0000
2010-11-19,-187000.0000
2010-11-18,-207200.0000
2010-11-17,-233300.0000
2010-11-16,-275700.0000
2010-11-15,-242900.0000
2010-11-12,-40200.0000
2010-11-11,-800.0000
2010-11-10,23200.0000
2010-11-09,-5000.0000
2010-11-08,30700.0000
2010-11-05,74100.0000
2010-11-04,25800.0000
2010-11-03,-23200.0000
2010-11-02,-55000.0000
2010-11-01,-81100.0000
2010-10-29,-132600.0000
2010-10-28,-146000.0000
2010-10-27,-165200.0000
2010-10-26,-148100.0000
2010-10-25,-133100.0000
2010-10-22,-162700.0000
2010-10-21,-187500.0000
2010-10-20,-216900.0000
2010-10-19,-239700.0000
2010-10-18,-201200.0000
2010-10-15,-224000.0000
2010-10-14,-278900.0000
2010-10-13,-259800.0000
2010-10-12,-334200.0000
2010-10-11,-376200.0000
2010-10-08,-362000.0000
2010-10-07,-423500.0000
2010-10-06,-373600.0000
2010-10-05,-96700.0000
2010-10-04,-116500.0000
2010-10-01,-27800.0000
2010-09-30,-44900.0000
2010-09-29,-200.0000
2010-09-28,15700.0000
2010-09-27,-34100.0000
2010-09-24,-19100.0000
2010-09-23,-43200.0000
2010-09-22,-9900.0000
2010-09-21,8200.0000
2010-09-20,27400.0000
2010-09-17,8400.0000
2010-09-16,-40900.0000
2010-09-15,18600.0000
2010-09-14,9400.0000
2010-09-13,68800.0000
2010-09-10,35100.0000
2010-09-09,26500.0000
