index,open,high,low,close,volume
2010-09-30 15:58:00,81.1210,81.2250,81.0100,81.1520,733
2010-09-30 15:54:00,81.1680,81.2710,81.0570,81.1990,250
2010-09-30 15:52:00,81.2140,81.3180,81.1030,81.2450,383
2010-09-30 15:51:00,81.2300,81.3340,81.1190,81.2610,600
2010-09-30 15:49:00,81.1990,81.3020,81.0880,81.2300,250
2010-09-30 15:46:00,81.1210,81.2250,81.0100,81.1520,200
2010-09-30 15:45:00,81.1830,81.2870,81.0720,81.2140,3300
2010-09-30 15:43:00,81.2450,81.3490,81.1340,81.2760,100
2010-09-30 15:39:00,81.2300,81.3340,81.1190,81.2610,50
2010-09-30 15:34:00,81.2140,81.3180,81.1030,81.2450,86
2010-09-30 15:16:00,81.1520,81.2560,81.0380,81.1800,859
2010-09-30 15:11:00,81.2920,81.3960,81.1650,81.3070,400
2010-09-30 14:58:00,81.4010,81.5050,81.2900,81.4320,50
2010-09-30 14:47:00,81.3540,81.4580,81.2430,81.3850,100
2010-09-30 14:41:00,81.2590,81.3630,81.1480,81.2900,400
2010-09-30 14:40:00,81.2140,81.3630,81.1030,81.2900,500
2010-09-30 14:39:00,81.2140,81.3180,81.1030,81.2450,200
2010-09-30 14:35:00,81.2760,81.3800,81.1650,81.3070,100
2010-09-30 14:32:00,81.1640,81.2670,81.0530,81.1950,350
2010-09-30 14:30:00,81.1680,81.2870,81.0570,81.2140,200
2010-09-30 14:16:00,81.0120,81.1160,80.9010,81.0430,500
2010-09-30 14:10:00,81.1210,81.2250,81.0100,81.1520,50
2010-09-30 13:59:00,81.1680,81.3020,81.0570,81.2300,1500
2010-09-30 13:58:00,81.1680,81.2710,81.0570,81.1990,2300
2010-09-30 13:57:00,81.1520,81.2560,81.0410,81.1830,1175
2010-09-30 13:55:00,81.1520,81.2560,81.0410,81.1830,100
2010-09-30 13:49:00,81.1360,81.2400,81.0260,81.1670,50
2010-09-30 13:37:00,81.2300,81.3340,81.1190,81.2610,150
2010-09-30 13:21:00,81.1680,81.2710,81.0570,81.1990,100
2010-09-30 13:18:00,81.1990,81.3020,81.0790,81.2210,2000
2010-09-30 13:15:00,81.1990,81.3020,81.0850,81.2270,300
2010-09-30 13:02:00,81.1360,81.2400,81.0240,81.1660,500
2010-09-30 12:58:00,81.1680,81.2710,81.0570,81.1990,50
2010-09-30 12:49:00,81.1050,81.2090,80.9950,81.1360,50
2010-09-30 12:47:00,81.1210,81.2250,81.0100,81.1520,200
2010-09-30 12:18:00,80.8610,80.9650,80.7510,80.8920,50
2010-09-30 12:13:00,80.8100,80.9130,80.7000,80.8410,250
2010-09-30 11:59:00,80.9500,81.0530,80.8390,80.9810,400
2010-09-30 11:57:00,80.9500,81.0530,80.8390,80.9810,50
2010-09-30 11:41:00,81.0210,81.1250,80.9110,81.0520,50
2010-09-30 11:36:00,80.8410,80.9440,80.7310,80.8720,50
2010-09-30 11:34:00,81.0120,81.1160,80.9010,81.0430,50
2010-09-30 11:28:00,80.9810,81.1080,80.8550,81.0350,775
2010-09-30 11:27:00,80.9810,81.0840,80.8700,81.0120,300
2010-09-30 11:25:00,80.9500,81.0530,80.7770,80.9190,200
2010-09-30 11:19:00,81.1210,81.2250,81.0100,81.1520,650
2010-09-30 11:16:00,81.1520,81.2560,81.0410,81.1830,125
2010-09-30 11:11:00,81.3070,81.4110,81.1810,81.3230,2050
2010-09-30 11:09:00,81.3230,81.4270,81.2120,81.3540,100
2010-09-30 11:06:00,81.4010,81.5050,81.2900,81.4320,475
2010-09-30 11:05:00,81.4780,81.5830,81.3050,81.4470,350
2010-09-30 11:04:00,81.4470,81.5510,81.3360,81.4780,100
2010-09-30 11:03:00,81.4630,81.5670,81.3430,81.4850,1216
2010-09-30 10:56:00,81.4780,81.5830,81.3670,81.5100,250
2010-09-30 10:52:00,81.6810,81.7850,81.5630,81.7090,2250
2010-09-30 10:51:00,81.6650,81.7690,81.5500,81.6930,300
2010-09-30 10:50:00,81.6340,81.7380,81.5220,81.6650,100
2010-09-30 10:45:00,81.7740,81.8780,81.6620,81.8050,50
2010-09-30 10:38:00,81.7580,81.8630,81.6470,81.7900,50
2010-09-30 10:36:00,81.7740,81.8780,81.6620,81.8050,100
2010-09-30 10:28:00,81.6500,81.7540,81.5380,81.6810,50
2010-09-30 10:22:00,81.6490,81.7540,81.5380,81.6810,400
2010-09-30 10:11:00,81.6650,81.7690,81.5540,81.6960,300
2010-09-30 10:09:00,81.9140,82.0180,81.8020,81.9450,50
2010-09-30 09:58:00,81.9180,82.0230,81.8060,81.9490,250
2010-09-30 09:51:00,82.0070,82.1120,81.8950,82.0380,100
2010-09-30 09:48:00,82.1310,82.2360,82.0190,82.1630,300
2010-09-30 09:47:00,82.0850,82.1900,81.9510,82.0950,100
2010-09-30 09:46:00,82.1470,82.2520,81.9420,82.0850,950
2010-09-30 09:45:00,82.1470,82.2520,82.0350,82.1780,100
2010-09-30 09:43:00,81.9290,82.0340,81.7860,81.9290,200
2010-09-30 09:42:00,81.9290,82.0500,81.7710,81.9290,1100
2010-09-30 09:38:00,81.7740,81.8940,81.6620,81.8210,2200
2010-09-30 09:36:00,81.7740,81.8780,81.6620,81.8050,294
2010-09-30 09:34:00,81.8670,81.9870,81.7400,81.8830,350
2010-09-30 09:32:00,81.8050,81.9250,81.6930,81.8520,250
2010-09-30 09:31:00,81.7740,81.8940,81.6470,81.7900,459
2010-09-30 09:30:00,81.7740,81.8780,81.6310,81.8050,1850
2010-09-30 09:29:00,81.7740,81.8780,81.6620,81.8050,150
2010-09-30 09:28:00,81.8050,81.9090,81.6930,81.8360,125
2010-09-30 09:25:00,81.8050,81.9090,81.6930,81.8360,50
2010-09-30 09:22:00,81.7890,81.8940,81.6780,81.8210,50
2010-09-30 09:21:00,81.8360,81.9410,81.7240,81.8670,50
2010-09-30 09:20:00,81.8360,81.9870,81.7240,81.8670,250
2010-09-30 09:19:00,81.8520,81.9560,81.7400,81.8830,450
2010-09-30 09:18:00,81.8520,81.9560,81.7400,81.8830,200
2010-09-30 09:16:00,81.8670,81.9720,81.7400,81.8830,550
2010-09-30 09:09:00,81.8830,81.9870,81.7550,81.8980,1000
2010-09-30 08:46:00,81.6180,81.7230,81.5070,81.6500,50
2010-09-30 08:43:00,81.6180,81.7230,81.5070,81.6500,100
2010-09-30 08:40:00,81.6180,81.7230,81.5070,81.6500,50
2010-09-29 15:57:00,81.2610,81.3650,81.1340,81.2760,300
2010-09-29 15:56:00,81.2920,81.3960,81.1810,81.3230,345
2010-09-29 15:51:00,81.2300,81.3340,81.1190,81.2610,50
2010-09-29 15:50:00,81.2300,81.3340,81.1190,81.2610,100
2010-09-29 15:48:00,81.1990,81.3020,81.0880,81.2300,100
2010-09-29 15:37:00,81.1210,81.2250,81.0100,81.1520,100
2010-09-29 15:35:00,81.0590,81.1620,80.9480,81.0900,100
2010-09-29 15:34:00,81.0740,81.1780,80.9640,81.1050,50
2010-09-29 15:32:00,81.1210,81.2250,80.9950,81.1360,200
2010-09-29 15:31:00,81.1520,81.2560,81.0410,81.1830,100
2010-09-29 15:30:00,81.1830,81.2870,81.0570,81.1990,1495
2010-09-29 15:27:00,81.1990,81.3020,81.0880,81.2300,100
2010-09-29 15:15:00,81.1830,81.2870,81.0690,81.2110,500
2010-09-29 15:13:00,81.2300,81.3340,81.1190,81.2610,50
2010-09-29 15:11:00,81.2920,81.3960,81.1810,81.3230,100
2010-09-29 15:10:00,81.2920,81.3960,81.1810,81.3230,100
2010-09-29 14:51:00,81.4940,81.5980,81.3580,81.5000,150
2010-09-29 14:49:00,81.4940,81.5980,81.3830,81.5250,100
2010-09-29 14:47:00,81.5480,81.6530,81.4370,81.5800,137
2010-09-29 14:37:00,81.4410,81.5450,81.3300,81.4720,75
2010-09-29 14:33:00,81.4630,81.5670,81.3520,81.4940,62
2010-09-29 14:26:00,81.4780,81.5830,81.3670,81.5100,100
2010-09-29 14:03:00,81.5100,81.6140,81.3980,81.5410,250
2010-09-29 14:01:00,81.4940,81.5980,81.3830,81.5250,200
2010-09-29 14:00:00,81.4940,81.5980,81.3830,81.5250,450
2010-09-29 13:58:00,81.4780,81.5980,81.3670,81.5250,150
2010-09-29 13:54:00,81.3700,81.4740,81.2590,81.4010,100
2010-09-29 13:52:00,81.3700,81.4740,81.2590,81.4010,100
2010-09-29 13:40:00,81.2920,81.3960,81.1650,81.3070,850
2010-09-29 13:38:00,81.2760,81.3800,81.1650,81.3070,50
2010-09-29 13:31:00,81.3390,81.4420,81.2280,81.3700,50
2010-09-29 13:29:00,81.3310,81.4350,81.2200,81.3620,250
2010-09-29 13:28:00,81.3540,81.4580,81.2430,81.3850,50
2010-09-29 13:05:00,81.4470,81.5510,81.3360,81.4780,50
2010-09-29 12:51:00,81.4470,81.5510,81.3360,81.4780,100
2010-09-29 12:39:00,81.4470,81.5670,81.3350,81.4770,300
2010-09-29 12:33:00,81.4320,81.5360,81.2900,81.4320,200
2010-09-29 12:02:00,81.4160,81.5200,81.3050,81.4470,100
2010-09-29 12:01:00,81.3820,81.4860,81.2710,81.4130,50
2010-09-29 12:00:00,81.4160,81.5200,81.3050,81.4470,250
2010-09-29 11:56:00,81.4460,81.5510,81.3350,81.4780,100
2010-09-29 11:48:00,81.3850,81.4890,81.2740,81.4160,50
2010-09-29 11:32:00,81.2610,81.3650,81.1500,81.2920,100
2010-09-29 11:27:00,81.2450,81.3490,81.1190,81.2610,600
2010-09-29 11:26:00,81.2610,81.3650,81.1030,81.2450,600
2010-09-29 11:24:00,81.2610,81.3650,81.1500,81.2920,100
2010-09-29 11:18:00,81.1520,81.2560,81.0410,81.1830,100
2010-09-29 10:58:00,81.0740,81.1780,80.9640,81.1050,100
2010-09-29 10:57:00,81.0120,81.1160,80.9010,81.0430,100
2010-09-29 10:56:00,81.0280,81.1310,80.9170,81.0590,100
2010-09-29 10:53:00,81.0900,81.2250,80.9790,81.1520,150
2010-09-29 10:46:00,81.0530,81.1560,80.9420,81.0840,200
2010-09-29 10:44:00,81.1030,81.2090,80.9640,81.1050,300
2010-09-29 10:36:00,81.1830,81.2870,81.0720,81.2140,150
2010-09-29 10:28:00,81.0430,81.1470,80.9330,81.0740,50
2010-09-29 10:25:00,81.0280,81.1310,80.9170,81.0590,300
2010-09-29 10:20:00,81.0740,81.1780,80.9640,81.1050,350
2010-09-29 10:19:00,81.1680,81.2710,81.0550,81.1970,100
2010-09-29 10:17:00,81.1990,81.3020,81.0880,81.2300,100
2010-09-29 10:16:00,81.2450,81.3490,81.1340,81.2760,100
2010-09-29 09:51:00,81.2300,81.3340,81.1190,81.2610,500
2010-09-29 09:49:00,81.3130,81.4170,81.1650,81.3070,600
2010-09-29 09:48:00,81.3540,81.4580,81.2430,81.3850,200
2010-09-29 09:45:00,81.4440,81.5480,81.3330,81.4750,250
2010-09-29 09:43:00,81.4010,81.5050,81.2900,81.4320,300
2010-09-29 09:42:00,81.4320,81.5360,81.3210,81.4630,100
2010-09-29 09:40:00,81.3390,81.4420,81.2280,81.3700,200
2010-09-29 09:39:00,81.3230,81.4270,81.2120,81.3540,50
2010-09-29 09:37:00,81.3070,81.4110,81.1650,81.3070,450
2010-09-29 09:36:00,81.3070,81.4110,81.1810,81.3230,200
2010-09-29 09:35:00,81.1990,81.3020,81.0880,81.2300,500
2010-09-29 09:30:00,81.2920,81.3960,81.0880,81.2300,200
2010-09-29 08:47:00,81.3540,81.4580,81.2430,81.3850,50
2010-09-28 15:50:00,81.6340,81.7380,81.5220,81.6650,225
2010-09-28 15:40:00,81.5100,81.6140,81.3980,81.5410,200
2010-09-28 15:39:00,81.4470,81.5510,81.3360,81.4780,50
2010-09-28 15:24:00,81.2610,81.3650,81.1500,81.2920,500
2010-09-28 15:23:00,81.3070,81.4110,81.1960,81.3390,100
2010-09-28 15:18:00,81.3070,81.4110,81.1960,81.3390,150
2010-09-28 15:04:00,81.1050,81.2090,80.9950,81.1360,500
2010-09-28 14:48:00,81.0280,81.1310,80.9170,81.0590,100
2010-09-28 14:35:00,81.1990,81.3020,81.0720,81.2140,233
2010-09-28 14:30:00,81.2300,81.3340,81.1190,81.2610,112
2010-09-28 14:29:00,81.2760,81.3800,81.1650,81.3070,50
2010-09-28 14:27:00,81.3070,81.4110,81.1960,81.3390,500
2010-09-28 14:21:00,81.4010,81.5050,81.2900,81.4320,100
2010-09-28 14:18:00,81.3700,81.4740,81.2590,81.4010,500
2010-09-28 14:05:00,81.4470,81.5510,81.3360,81.4780,100
2010-09-28 14:02:00,81.4780,81.5830,81.3360,81.5100,4000
2010-09-28 13:58:00,81.4780,81.5830,81.3670,81.5100,500
2010-09-28 13:53:00,81.4780,81.5830,81.3670,81.5100,400
2010-09-28 13:49:00,81.3390,81.4420,81.2280,81.3700,100
2010-09-28 13:47:00,81.3070,81.4110,81.1960,81.3390,1500
2010-09-28 13:46:00,81.3230,81.4270,81.2120,81.3540,500
2010-09-28 13:35:00,81.3070,81.4220,81.1930,81.3490,252
2010-09-28 13:14:00,81.2140,81.3180,81.1030,81.2450,500
2010-09-28 13:10:00,81.1680,81.2710,81.0570,81.1980,275
2010-09-28 13:09:00,81.1520,81.2560,81.0410,81.1830,350
2010-09-28 13:03:00,81.3170,81.4210,81.2060,81.3480,50
2010-09-28 12:50:00,81.2450,81.3490,81.1340,81.2760,350
2010-09-28 12:49:00,81.2450,81.3490,81.1340,81.2760,150
2010-09-28 12:48:00,81.3070,81.4110,81.1960,81.3390,50
2010-09-28 12:30:00,81.2610,81.3650,81.1500,81.2920,100
2010-09-28 12:28:00,81.2300,81.3340,81.1190,81.2610,500
2010-09-28 12:27:00,81.2450,81.3490,81.1340,81.2760,1000
2010-09-28 12:21:00,81.2920,81.3960,81.1810,81.3230,100
2010-09-28 12:16:00,81.2300,81.3340,81.1190,81.2610,700
2010-09-28 12:12:00,81.1990,81.3180,81.0880,81.2450,250
2010-09-28 12:11:00,81.1990,81.3020,81.0880,81.2300,50
2010-09-28 11:56:00,81.1830,81.3020,81.0720,81.2300,150
2010-09-28 11:54:00,81.2450,81.3490,81.1340,81.2760,284
2010-09-28 11:53:00,81.2440,81.3490,81.1330,81.2760,384
2010-09-28 11:44:00,81.2920,81.3960,81.1810,81.3230,200
2010-09-28 11:31:00,81.3390,81.4580,81.2280,81.3850,250
2010-09-28 11:25:00,81.1360,81.2390,81.0250,81.1670,100
2010-09-28 11:21:00,81.1050,81.2090,80.9950,81.1360,500
2010-09-28 11:17:00,80.9810,81.0840,80.8700,81.0120,100
2010-09-28 11:10:00,80.9650,81.0690,80.8550,80.9960,200
2010-09-28 11:08:00,80.9810,81.0840,80.8700,81.0120,150
2010-09-28 11:04:00,81.0200,81.1230,80.9090,81.0510,75
2010-09-28 11:01:00,81.0590,81.1620,80.9480,81.0900,500
2010-09-28 10:42:00,80.9030,81.0070,80.7930,80.9340,100
2010-09-28 10:36:00,80.8410,80.9440,80.7310,80.8720,100
2010-09-28 10:30:00,80.8250,80.9290,80.7150,80.8560,100
2010-09-28 10:28:00,80.8100,80.9130,80.6840,80.8250,200
2010-09-28 10:27:00,80.8250,80.9290,80.6840,80.8410,650
2010-09-28 10:24:00,80.6860,80.7890,80.5750,80.7160,100
2010-09-28 10:22:00,80.5610,80.6950,80.4510,80.6230,650
2010-09-28 10:21:00,80.5770,80.6800,80.4670,80.6080,1200
2010-09-28 10:20:00,80.5770,80.6800,80.4510,80.6080,450
2010-09-28 10:19:00,80.6230,80.7260,80.5130,80.6540,200
2010-09-28 10:18:00,80.5770,80.6800,80.4670,80.6080,400
2010-09-28 10:17:00,80.5610,80.6800,80.4510,80.6080,600
2010-09-28 10:16:00,80.5150,80.6490,80.4050,80.5760,400
2010-09-28 10:14:00,80.5150,80.6170,80.4050,80.5450,100
2010-09-28 10:13:00,80.4680,80.5860,80.3580,80.5140,200
2010-09-28 10:11:00,80.4520,80.5710,80.3270,80.4990,300
2010-09-28 10:10:00,80.4830,80.5860,80.3740,80.5140,200
2010-09-28 10:09:00,80.4680,80.5710,80.3580,80.4990,200
2010-09-28 10:08:00,80.4370,80.5550,80.3120,80.4830,500
2010-09-28 10:07:00,80.4990,80.6170,80.3430,80.4830,850
2010-09-28 10:06:00,80.4830,80.6330,80.3740,80.5610,300
2010-09-28 10:05:00,80.4990,80.6020,80.3890,80.5300,100
2010-09-28 10:04:00,80.5770,80.6800,80.4360,80.5760,750
2010-09-28 10:03:00,80.4680,80.6490,80.3580,80.5760,950
2010-09-28 10:02:00,80.3900,80.5080,80.2800,80.4360,450
2010-09-28 10:01:00,80.4990,80.6020,80.2960,80.4520,500
2010-09-28 10:00:00,80.7170,80.8820,80.3270,80.5140,17150
2010-09-28 09:59:00,80.7790,80.8820,80.6690,80.8100,300
2010-09-28 09:52:00,80.8880,80.9910,80.7770,80.9190,100
2010-09-28 09:49:00,80.7630,80.8670,80.6530,80.7940,400
2010-09-28 09:45:00,80.7480,80.8510,80.6220,80.7630,700
2010-09-28 09:43:00,80.8250,80.9290,80.7150,80.8560,400
2010-09-28 09:41:00,80.8410,80.9440,80.7150,80.8560,2495
2010-09-28 09:35:00,81.0880,81.1920,80.9780,81.1190,50
2010-09-27 15:56:00,81.1050,81.2090,80.9950,81.1360,100
2010-09-27 15:55:00,81.1360,81.2400,81.0260,81.1670,50
2010-09-27 15:50:00,81.2300,81.3340,81.1190,81.2610,50
2010-09-27 15:47:00,81.2450,81.3490,81.1340,81.2760,100
2010-09-27 15:31:00,81.4160,81.5200,81.3050,81.4470,50
2010-09-27 15:30:00,81.4780,81.5830,81.3670,81.5100,50
2010-09-27 15:25:00,81.4940,81.5980,81.3830,81.5250,50
2010-09-27 15:14:00,81.5100,81.6140,81.3980,81.5410,50
2010-09-27 14:59:00,81.5560,81.6600,81.4290,81.5720,100
2010-09-27 14:34:00,81.5520,81.6560,81.4400,81.5830,50
2010-09-27 14:28:00,81.5720,81.6760,81.4600,81.6030,50
2010-09-27 14:12:00,81.4940,81.5980,81.3830,81.5250,500
2010-09-27 14:09:00,81.5410,81.6450,81.4290,81.5720,100
2010-09-27 14:01:00,81.5250,81.6290,81.4140,81.5560,100
2010-09-27 14:00:00,81.5410,81.6450,81.4290,81.5720,50
2010-09-27 13:41:00,81.3850,81.4890,81.2730,81.4150,191
2010-09-27 13:35:00,81.3700,81.4740,81.2590,81.4010,100
2010-09-27 13:31:00,81.3390,81.4420,81.2240,81.3660,250
2010-09-27 13:22:00,81.2760,81.3800,81.1650,81.3070,100
2010-09-27 13:20:00,81.3040,81.4080,81.1930,81.3350,164
2010-09-27 13:19:00,81.3070,81.4110,81.1960,81.3390,164
2010-09-27 13:10:00,81.2920,81.3960,81.1810,81.3230,400
2010-09-27 13:08:00,81.3390,81.4420,81.2280,81.3700,100
2010-09-27 13:00:00,81.2760,81.3800,81.1340,81.2920,1500
2010-09-27 12:57:00,81.2920,81.3960,81.1810,81.3230,100
2010-09-27 12:46:00,81.2890,81.3930,81.1780,81.3200,50
2010-09-27 12:37:00,81.2760,81.3800,81.1650,81.3070,50
2010-09-27 12:32:00,81.2760,81.3800,81.1620,81.3040,1350
2010-09-27 12:30:00,81.2840,81.3880,81.1730,81.3150,50
2010-09-27 12:25:00,81.2890,81.3930,81.1780,81.3200,100
2010-09-27 12:24:00,81.2450,81.3490,81.1340,81.2760,100
2010-09-27 11:52:00,81.2370,81.3410,81.1270,81.2690,66
2010-09-27 11:32:00,81.3230,81.4420,81.2120,81.3700,750
2010-09-27 11:17:00,81.2300,81.3340,81.1190,81.2610,50
2010-09-27 11:15:00,81.2450,81.3490,81.1190,81.2610,325
2010-09-27 11:14:00,81.3390,81.4420,81.1960,81.3390,100
2010-09-27 11:09:00,81.3390,81.4420,81.2280,81.3700,100
2010-09-27 10:56:00,81.4500,81.5540,81.3390,81.4810,50
2010-09-27 10:54:00,81.4470,81.5510,81.3360,81.4780,500
2010-09-27 10:51:00,81.4160,81.5200,81.3050,81.4470,100
2010-09-27 10:42:00,81.4320,81.5360,81.3210,81.4630,150
2010-09-27 10:40:00,81.4010,81.5050,81.2900,81.4320,50
2010-09-27 10:35:00,81.4160,81.5200,81.3050,81.4470,100
2010-09-27 10:22:00,81.3070,81.4270,81.1960,81.3540,200
2010-09-27 10:13:00,81.3700,81.4740,81.2590,81.4010,200
2010-09-27 10:08:00,81.4320,81.5360,81.3210,81.4630,100
2010-09-27 10:04:00,81.3540,81.4580,81.2430,81.3850,200
2010-09-27 10:00:00,81.3370,81.4410,81.2260,81.3680,100
2010-09-27 09:49:00,81.3070,81.4110,81.1960,81.3390,300
2010-09-27 09:46:00,81.3700,81.4740,81.2430,81.3850,600
2010-09-27 09:44:00,81.4470,81.5510,81.2900,81.4320,200
2010-09-27 09:43:00,81.3850,81.4890,81.2740,81.4160,100
2010-09-27 09:42:00,81.4470,81.5510,81.3360,81.4780,100
2010-09-27 09:39:00,81.5250,81.6290,81.3210,81.4630,900
2010-09-27 09:38:00,81.5410,81.6450,81.4290,81.5720,100
2010-09-27 09:36:00,81.5100,81.6140,81.3980,81.5410,300
2010-09-27 09:35:00,81.5100,81.6140,81.3980,81.5410,400
2010-09-27 09:31:00,81.4940,81.5980,81.3670,81.5100,250
2010-09-27 09:30:00,81.5720,81.7070,81.3980,81.5410,496
2010-09-27 08:56:00,81.6650,81.7690,81.5540,81.6960,100
2010-09-24 15:54:00,81.4940,81.5980,81.3830,81.5250,443
2010-09-24 15:53:00,81.4940,81.5980,81.3830,81.5250,100
2010-09-24 15:41:00,81.5410,81.6450,81.4290,81.5720,200
2010-09-24 15:40:00,81.5250,81.6290,81.4140,81.5560,100
2010-09-24 15:39:00,81.5250,81.6290,81.4140,81.5560,412
2010-09-24 15:38:00,81.5100,81.6140,81.3980,81.5410,200
2010-09-24 15:37:00,81.4780,81.5830,81.3670,81.5100,50
2010-09-24 15:36:00,81.4630,81.5670,81.3520,81.4940,200
2010-09-24 15:35:00,81.4470,81.5510,81.3360,81.4780,200
2010-09-24 15:34:00,81.4470,81.5510,81.3360,81.4780,75
2010-09-24 15:33:00,81.4470,81.5510,81.3360,81.4780,150
2010-09-24 15:32:00,81.4160,81.5200,81.3050,81.4470,100
2010-09-24 15:31:00,81.4320,81.5360,81.3210,81.4630,200
2010-09-24 15:29:00,81.4160,81.5200,81.3050,81.4470,300
2010-09-24 15:28:00,81.4630,81.5670,81.3520,81.4940,100
2010-09-24 15:27:00,81.4940,81.5980,81.3830,81.5250,250
2010-09-24 15:26:00,81.4630,81.5670,81.3520,81.4940,150
2010-09-24 15:25:00,81.4630,81.5670,81.3520,81.4940,150
2010-09-24 15:24:00,81.4630,81.5670,81.3520,81.4940,200
2010-09-24 15:22:00,81.4470,81.5510,81.3360,81.4780,100
2010-09-24 15:21:00,81.4780,81.5830,81.3670,81.5100,250
2010-09-24 15:20:00,81.4940,81.5980,81.3830,81.5250,100
2010-09-24 15:18:00,81.4780,81.5830,81.3670,81.5100,200
2010-09-24 15:03:00,81.4320,81.5360,81.3210,81.4630,100
2010-09-24 15:02:00,81.4630,81.5670,81.3520,81.4940,350
2010-09-24 15:01:00,81.5100,81.6140,81.3670,81.5100,1200
2010-09-24 14:53:00,81.5250,81.6290,81.4140,81.5560,500
2010-09-24 14:22:00,81.3700,81.4740,81.2590,81.4010,100
2010-09-24 14:13:00,81.4160,81.5200,81.3050,81.4470,1000
2010-09-24 13:50:00,81.4630,81.5670,81.3520,81.4940,150
2010-09-24 13:47:00,81.4630,81.5670,81.3210,81.4780,3100
2010-09-24 13:41:00,81.4860,81.5900,81.3750,81.5170,50
2010-09-24 13:32:00,81.4940,81.6140,81.3830,81.5410,1050
2010-09-24 13:27:00,81.4630,81.5670,81.3520,81.4940,200
2010-09-24 13:24:00,81.4290,81.5330,81.3180,81.4600,50
2010-09-24 13:13:00,81.4320,81.5360,81.3210,81.4630,100
2010-09-24 13:11:00,81.4470,81.5670,81.3210,81.4630,5271
2010-09-24 13:01:00,81.4780,81.5830,81.3670,81.5100,250
2010-09-24 12:58:00,81.4630,81.5670,81.3520,81.4940,100
2010-09-24 12:51:00,81.4780,81.5830,81.3670,81.5100,72
2010-09-24 12:50:00,81.5100,81.6290,81.3980,81.5560,150
2010-09-24 12:44:00,81.4320,81.5360,81.3210,81.4630,65
2010-09-24 12:31:00,81.4160,81.5360,81.3050,81.4630,1200
2010-09-24 11:51:00,81.3230,81.4270,81.2120,81.3540,100
2010-09-24 10:55:00,81.3390,81.4580,81.2280,81.3850,350
2010-09-24 10:43:00,81.3850,81.5050,81.2740,81.4320,150
2010-09-24 10:12:00,81.2760,81.3800,81.1650,81.3070,1922
2010-09-24 10:06:00,81.3070,81.4110,81.1840,81.3390,268
2010-09-24 10:02:00,81.0740,81.1780,80.9640,81.1050,95
2010-09-24 10:01:00,81.0430,81.1470,80.9330,81.0740,50
2010-09-24 09:59:00,81.1360,81.2400,81.0260,81.1670,50
2010-09-24 09:48:00,81.1050,81.2090,80.9950,81.1360,100
2010-09-24 09:44:00,81.0740,81.1780,80.9640,81.1050,100
2010-09-24 09:42:00,80.9960,81.1000,80.8860,81.0270,200
2010-09-24 09:41:00,81.0430,81.1470,80.9330,81.0740,250
2010-09-24 09:37:00,81.0280,81.1310,80.9050,81.0460,379
2010-09-24 09:32:00,80.7420,80.8450,80.6320,80.7730,95
2010-09-24 09:30:00,80.7940,80.8980,80.6280,80.7690,727
2010-09-23 15:55:00,79.8730,79.9750,79.7640,79.9030,150
2010-09-23 15:46:00,79.8220,79.9240,79.7130,79.8520,100
2010-09-23 15:43:00,79.7290,79.8310,79.6200,79.7590,500
2010-09-23 15:41:00,79.7910,79.8930,79.6820,79.8210,5100
2010-09-23 15:28:00,79.9450,80.0480,79.8360,79.9760,200
2010-09-23 15:23:00,80.0850,80.1870,79.9750,80.1150,100
2010-09-23 15:21:00,80.0380,80.1410,79.9290,80.0690,50
2010-09-23 15:16:00,79.9450,80.0480,79.8360,79.9760,50
2010-09-23 15:13:00,80.0690,80.1870,79.9600,80.1150,4112
2010-09-23 15:12:00,80.0780,80.1870,79.9690,80.1150,518
2010-09-23 15:07:00,80.0860,80.1880,79.9760,80.1160,100
2010-09-23 14:56:00,80.1770,80.2800,80.0680,80.2080,50
2010-09-23 14:44:00,80.3170,80.4190,80.2070,80.3470,400
2010-09-23 14:43:00,80.3170,80.4190,80.2070,80.3470,400
2010-09-23 14:42:00,80.3170,80.4190,80.2070,80.3470,550
2010-09-23 14:41:00,80.3320,80.4350,80.2220,80.3620,100
2010-09-23 14:39:00,80.4090,80.5120,80.2680,80.4090,5350
2010-09-23 14:24:00,80.5020,80.6050,80.3920,80.5330,100
2010-09-23 14:08:00,80.4400,80.5430,80.3300,80.4710,400
2010-09-23 14:07:00,80.4710,80.5740,80.3610,80.5020,200
2010-09-23 14:06:00,80.4710,80.5740,80.3610,80.5020,50
2010-09-23 14:00:00,80.4560,80.5590,80.3460,80.4860,100
2010-09-23 13:47:00,80.4090,80.5120,80.2680,80.4090,6000
2010-09-23 13:41:00,80.4870,80.5900,80.3770,80.5170,65
2010-09-23 12:45:00,80.4560,80.5590,80.3460,80.4860,50
2010-09-23 12:34:00,80.5020,80.6210,80.3920,80.5480,150
2010-09-23 12:33:00,80.4870,80.5900,80.3770,80.5170,100
2010-09-23 12:32:00,80.4870,80.5900,80.3770,80.5170,100
2010-09-23 12:25:00,80.5490,80.6510,80.4380,80.5790,200
2010-09-23 12:23:00,80.5330,80.6510,80.4230,80.5790,600
2010-09-23 12:21:00,80.4870,80.5900,80.3770,80.5170,57
2010-09-23 12:18:00,80.5020,80.6050,80.3920,80.5330,100
2010-09-23 12:14:00,80.5180,80.6210,80.4070,80.5480,100
2010-09-23 12:01:00,80.5490,80.6670,80.4380,80.5790,580
2010-09-23 11:37:00,80.6720,80.7750,80.5620,80.7030,100
2010-09-23 11:33:00,80.6410,80.7440,80.5310,80.6720,100
2010-09-23 11:23:00,80.5020,80.6050,80.3460,80.4860,500
2010-09-23 11:22:00,80.5180,80.6210,80.4070,80.5480,100
2010-09-23 11:20:00,80.4870,80.5900,80.3770,80.5170,50
2010-09-23 11:17:00,80.4090,80.5120,80.2990,80.4400,100
2010-09-23 11:09:00,80.4090,80.5120,80.2990,80.4400,100
2010-09-23 11:08:00,80.3940,80.5120,80.2840,80.4400,200
2010-09-23 11:05:00,80.3780,80.4970,80.2680,80.4240,200
2010-09-23 11:01:00,80.3480,80.4500,80.2380,80.3780,100
2010-09-23 11:00:00,80.3780,80.4970,80.2680,80.4240,1000
2010-09-23 10:48:00,80.5330,80.6360,80.3920,80.5330,200
2010-09-23 10:38:00,80.4560,80.5590,80.3460,80.4860,100
2010-09-23 10:36:00,80.4090,80.5120,80.2840,80.4240,1220
2010-09-23 10:35:00,80.4400,80.5430,80.3150,80.4550,1250
2010-09-23 10:32:00,80.4400,80.5430,80.3300,80.4710,200
2010-09-23 10:19:00,80.1620,80.2640,80.0520,80.1920,150
2010-09-23 10:17:00,80.1310,80.2330,80.0210,80.1610,100
2010-09-23 10:02:00,80.1770,80.2800,80.0680,80.2080,100
2010-09-23 10:00:00,80.0230,80.2180,79.9130,80.1460,300
2010-09-23 09:59:00,79.9150,80.0170,79.8050,79.9450,100
2010-09-23 09:36:00,79.8060,79.9390,79.6970,79.8670,200
2010-09-23 09:30:00,79.8840,79.9860,79.7740,79.9140,100
2010-09-22 15:49:00,80.5330,80.6360,80.4230,80.5640,62
2010-09-22 15:39:00,80.5790,80.6820,80.4690,80.6100,50
2010-09-22 15:36:00,80.6040,80.7070,80.4940,80.6350,50
2010-09-22 15:20:00,80.4560,80.5590,80.3460,80.4860,100
2010-09-22 15:03:00,80.7500,80.8530,80.6390,80.7800,100
2010-09-22 15:00:00,80.7340,80.8370,80.6240,80.7650,100
2010-09-22 14:58:00,80.7190,80.8220,80.6080,80.7490,100
2010-09-22 14:31:00,80.5490,80.6510,80.4380,80.5790,200
2010-09-22 14:25:00,80.5020,80.6050,80.3870,80.5300,2879
2010-09-22 13:34:00,80.5640,80.6670,80.4540,80.5940,4050
2010-09-22 13:33:00,80.5330,80.6360,80.4230,80.5640,500
2010-09-22 13:32:00,80.5210,80.6510,80.4100,80.5790,600
2010-09-22 13:30:00,80.4870,80.5900,80.3770,80.5170,1000
2010-09-22 13:28:00,80.4560,80.5590,80.3460,80.4860,500
2010-09-22 13:25:00,80.3780,80.4810,80.2680,80.4090,100
2010-09-22 13:12:00,80.4090,80.5120,80.2990,80.4400,50
2010-09-22 13:06:00,80.5180,80.6210,80.4070,80.5480,600
2010-09-22 12:24:00,80.5950,80.6980,80.4850,80.6250,150
2010-09-22 12:15:00,80.6410,80.7440,80.5310,80.6720,450
2010-09-22 12:09:00,80.5950,80.6980,80.4850,80.6250,191
2010-09-22 11:53:00,80.4770,80.5800,80.3670,80.5080,50
2010-09-22 11:29:00,80.4150,80.5180,80.3050,80.4460,100
2010-09-22 11:27:00,80.3780,80.4810,80.2680,80.4090,50
2010-09-22 11:25:00,80.4090,80.5120,80.2990,80.4400,50
2010-09-22 11:15:00,80.5180,80.6210,80.4070,80.5480,50
2010-09-22 11:04:00,80.7500,80.8530,80.6240,80.7650,526
2010-09-22 10:48:00,80.7190,80.8220,80.6080,80.7490,100
2010-09-22 10:43:00,80.6570,80.7600,80.5460,80.6870,50
2010-09-22 10:30:00,80.7340,80.8370,80.6240,80.7650,500
2010-09-22 10:18:00,80.9820,81.0850,80.8710,81.0120,100
2010-09-22 10:16:00,80.9510,81.0540,80.8400,80.9810,100
2010-09-22 10:15:00,80.9510,81.0540,80.8400,80.9810,100
2010-09-22 10:10:00,80.8890,80.9920,80.7780,80.9190,200
2010-09-22 10:09:00,80.8110,80.9610,80.7010,80.8880,650
2010-09-22 10:08:00,80.7650,80.8680,80.6540,80.7960,200
2010-09-22 10:04:00,80.7650,80.8680,80.6540,80.7960,750
2010-09-22 10:01:00,80.8890,80.9920,80.7780,80.9190,100
2010-09-22 10:00:00,81.0280,81.1310,80.9170,81.0590,100
2010-09-22 09:53:00,81.0900,81.1930,80.9790,81.1200,100
2010-09-22 09:51:00,81.1300,81.2340,81.0190,81.1610,100
2010-09-22 09:46:00,81.2130,81.3170,81.1020,81.2440,100
2010-09-22 09:44:00,81.1670,81.2710,81.0560,81.1980,100
2010-09-22 09:40:00,81.0900,81.1930,80.9790,81.1200,400
2010-09-22 09:36:00,80.9970,81.1000,80.8550,80.9970,1050
2010-09-22 09:34:00,80.9040,81.0080,80.7930,80.9350,50
2010-09-22 09:30:00,80.8420,80.9460,80.7320,80.8730,248
2010-09-21 16:00:00,80.9660,81.0700,80.8550,80.9970,100
2010-09-21 15:59:00,80.9820,81.0850,80.8550,80.9970,1000
2010-09-21 15:57:00,80.9450,81.0480,80.8340,80.9750,50
2010-09-21 15:55:00,80.9350,81.0390,80.8240,80.9660,50
2010-09-21 15:52:00,81.0120,81.1160,80.9020,81.0430,50
2010-09-21 15:50:00,80.9040,81.0080,80.7900,80.9320,530
2010-09-21 15:48:00,80.8580,80.9610,80.7440,80.8850,1047
2010-09-21 15:44:00,80.9490,81.0530,80.8390,80.9800,150
2010-09-21 15:41:00,80.9040,81.0080,80.7930,80.9350,500
2010-09-21 15:39:00,80.7960,80.8990,80.6850,80.8270,500
2010-09-21 15:33:00,80.8270,80.9300,80.7160,80.8570,50
2010-09-21 15:30:00,81.0280,81.1310,80.9170,81.0590,500
2010-09-21 15:29:00,81.0280,81.1930,80.9170,81.1200,200
2010-09-21 15:26:00,81.0840,81.1870,80.9730,81.1140,150
2010-09-21 15:25:00,81.1050,81.2090,80.9940,81.1360,50
2010-09-21 15:24:00,81.1050,81.2090,80.9940,81.1360,250
2010-09-21 15:23:00,81.1830,81.2860,81.0600,81.2020,952
2010-09-21 15:20:00,81.1700,81.2740,81.0590,81.2010,100
2010-09-21 15:06:00,81.1520,81.2550,81.0410,81.1820,100
2010-09-21 15:05:00,81.1670,81.2710,81.0560,81.1980,500
2010-09-21 15:02:00,81.1050,81.2090,80.9940,81.1360,50
2010-09-21 14:52:00,81.1970,81.3010,81.0860,81.2280,50
2010-09-21 14:48:00,81.4020,81.5060,81.2910,81.4330,131
2010-09-21 14:41:00,81.5230,81.6270,81.4110,81.5540,100
2010-09-21 14:36:00,81.3680,81.4720,81.2570,81.3990,57
2010-09-21 14:35:00,81.3370,81.4410,81.2260,81.3680,300
2010-09-21 14:34:00,81.2910,81.3950,81.1800,81.3220,50
2010-09-21 14:29:00,81.1520,81.2550,81.0410,81.1820,334
2010-09-21 14:24:00,81.1980,81.3020,81.0870,81.2290,350
2010-09-21 14:23:00,81.0740,81.1780,80.9630,81.1050,100
2010-09-21 14:22:00,81.0120,81.1160,80.9020,81.0430,350
2010-09-21 14:20:00,81.1670,81.2710,81.0560,81.1980,50
2010-09-21 14:19:00,81.2440,81.3480,81.1330,81.2750,100
2010-09-21 14:18:00,81.1360,81.2400,81.0250,81.1670,100
2010-09-21 14:15:00,80.7190,80.9300,80.5160,80.8570,462
2010-09-21 14:09:00,80.8580,80.9610,80.7470,80.8880,100
2010-09-21 13:55:00,80.8730,80.9770,80.7630,80.9040,100
2010-09-21 13:35:00,80.8110,80.9150,80.7010,80.8420,300
2010-09-21 13:33:00,80.7960,80.8990,80.6850,80.8270,125
2010-09-21 13:30:00,80.8270,80.9300,80.7160,80.8570,50
2010-09-21 13:19:00,80.8550,80.9580,80.7440,80.8850,115
2010-09-21 13:18:00,80.8420,80.9460,80.7320,80.8730,50
2010-09-21 13:08:00,80.7960,80.8990,80.6850,80.8270,950
2010-09-21 12:50:00,80.9040,81.0230,80.7930,80.9500,200
2010-09-21 12:49:00,80.9040,81.0080,80.7780,80.9190,500
2010-09-21 12:44:00,80.9040,81.0080,80.7930,80.9350,100
2010-09-21 12:34:00,80.8890,80.9920,80.7760,80.9180,200
2010-09-21 12:30:00,80.8580,80.9610,80.7460,80.8870,200
2010-09-21 12:17:00,80.9200,81.0230,80.8090,80.9500,350
2010-09-21 12:16:00,80.9200,81.0390,80.8090,80.9660,400
2010-09-21 12:14:00,80.9350,81.0390,80.8240,80.9660,50
2010-09-21 11:43:00,80.8830,80.9860,80.7720,80.9130,100
2010-09-21 11:40:00,80.8730,80.9770,80.7630,80.9040,150
2010-09-21 11:37:00,80.8580,80.9740,80.7460,80.8870,300
2010-09-21 11:34:00,80.9010,81.0040,80.7900,80.9320,50
2010-09-21 11:32:00,80.8890,80.9920,80.7780,80.9190,51
2010-09-21 11:13:00,81.1020,81.2060,80.9910,81.1330,500
2010-09-21 11:11:00,81.0740,81.1780,80.9620,81.1030,200
2010-09-21 11:04:00,81.0280,81.1310,80.9170,81.0590,152
2010-09-21 10:57:00,80.9970,81.1000,80.8860,81.0280,250
2010-09-21 10:43:00,81.0430,81.1470,80.9320,81.0740,100
2010-09-21 10:39:00,81.1050,81.2090,80.9940,81.1360,100
2010-09-21 10:34:00,81.0900,81.1930,80.9790,81.1200,50
2010-09-21 10:24:00,81.0900,81.1930,80.9790,81.1200,100
2010-09-21 10:23:00,81.1360,81.2400,81.0250,81.1670,100
2010-09-21 10:17:00,81.0900,81.1930,80.9790,81.1200,190
2010-09-21 10:15:00,81.0430,81.1470,80.9320,81.0740,477
2010-09-21 10:10:00,81.0120,81.1160,80.9020,81.0430,150
2010-09-21 09:59:00,81.0280,81.1310,80.9170,81.0590,50
2010-09-21 09:50:00,80.9850,81.0890,80.8740,81.0160,410
2010-09-21 09:46:00,81.0590,81.1620,80.9480,81.0900,100
2010-09-21 09:45:00,81.0740,81.1780,80.9630,81.1050,200
2010-09-21 09:42:00,81.0120,81.1620,80.9010,81.0900,550
2010-09-21 09:37:00,81.0430,81.1620,80.9320,81.0900,300
2010-09-21 09:35:00,81.0430,81.1470,80.9320,81.0740,100
2010-09-21 09:34:00,81.1360,81.2400,80.9940,81.1360,200
2010-09-21 09:33:00,81.1360,81.2400,81.0250,81.1670,200
2010-09-21 09:32:00,81.0900,81.1930,80.9790,81.1200,100
2010-09-21 09:31:00,81.0900,81.1930,80.9790,81.1200,100
2010-09-21 09:30:00,81.1980,81.3020,81.0710,81.2130,200
2010-09-20 15:50:00,81.2130,81.3170,81.1020,81.2440,50
2010-09-20 15:47:00,81.2130,81.3170,81.1020,81.2440,50
2010-09-20 15:38:00,81.1360,81.2400,81.0250,81.1670,100
2010-09-20 15:37:00,81.1210,81.2240,81.0100,81.1510,100
2010-09-20 15:35:00,81.1210,81.2240,81.0100,81.1510,50
2010-09-20 15:32:00,81.0740,81.1780,80.9630,81.1050,70
2010-09-20 15:31:00,81.0590,81.1630,80.9480,81.0900,225
2010-09-20 15:10:00,81.0280,81.1310,80.9170,81.0590,200
2010-09-20 15:01:00,81.0280,81.1310,80.9170,81.0590,150
2010-09-20 15:00:00,81.0280,81.1310,80.9170,81.0590,131
2010-09-20 14:54:00,80.9970,81.1000,80.8860,81.0280,100
2010-09-20 14:47:00,80.9660,81.0700,80.8550,80.9970,1940
2010-09-20 14:43:00,80.9820,81.0850,80.8680,81.0090,1446
2010-09-20 14:36:00,80.9510,81.0540,80.8400,80.9810,100
2010-09-20 14:26:00,80.8580,80.9610,80.7470,80.8880,200
2010-09-20 14:17:00,80.7800,80.8840,80.6700,80.8110,100
2010-09-20 14:07:00,80.7500,80.8530,80.6390,80.7800,50
2010-09-20 14:06:00,80.7340,80.8370,80.6240,80.7650,100
2010-09-20 14:05:00,80.7500,80.8530,80.6390,80.7800,50
2010-09-20 14:03:00,80.7500,80.8530,80.6390,80.7800,100
2010-09-20 14:02:00,80.7800,80.8840,80.6700,80.8110,95
2010-09-20 13:48:00,80.7500,80.8530,80.6390,80.7800,100
2010-09-20 13:45:00,80.7960,80.8990,80.6850,80.8270,50
2010-09-20 13:42:00,80.7800,80.8990,80.6700,80.8270,200
2010-09-20 13:39:00,80.7650,80.8810,80.6530,80.8080,500
2010-09-20 13:35:00,80.7030,80.8060,80.5930,80.7340,100
2010-09-20 13:17:00,80.6820,80.7850,80.5710,80.7120,100
2010-09-20 13:16:00,80.6570,80.7600,80.5460,80.6870,350
2010-09-20 13:15:00,80.6260,80.7440,80.5160,80.6720,650
2010-09-20 13:14:00,80.6880,80.7910,80.5770,80.7180,192
2010-09-20 13:12:00,80.7190,80.8220,80.6080,80.7490,250
2010-09-20 13:08:00,80.7650,80.8680,80.6540,80.7960,100
2010-09-20 13:06:00,80.7500,80.8530,80.6390,80.7800,400
2010-09-20 13:01:00,80.7190,80.8220,80.6080,80.7490,200
2010-09-20 13:00:00,80.7340,80.8370,80.6240,80.7650,100
2010-09-20 12:57:00,80.7340,80.8370,80.6240,80.7650,100
2010-09-20 12:48:00,80.7190,80.8220,80.6080,80.7490,100
2010-09-20 12:46:00,80.7190,80.8220,80.6080,80.7490,100
2010-09-20 12:45:00,80.6880,80.7910,80.5770,80.7180,2250
2010-09-20 12:42:00,80.6410,80.7600,80.5310,80.6870,770
2010-09-20 12:25:00,80.6410,80.7600,80.5310,80.6870,550
2010-09-20 12:19:00,80.6880,80.7910,80.5770,80.7180,100
2010-09-20 12:03:00,80.6880,80.7910,80.5770,80.7180,250
2010-09-20 11:55:00,80.7190,80.8220,80.6080,80.7490,50
2010-09-20 11:50:00,80.7500,80.8530,80.6240,80.7650,150
2010-09-20 11:48:00,80.7740,80.8780,80.6640,80.8050,100
2010-09-20 11:32:00,80.8110,80.9150,80.7010,80.8420,50
2010-09-20 11:31:00,80.7800,80.8840,80.6700,80.8110,450
2010-09-20 11:00:00,80.7960,80.8990,80.6700,80.8110,150
2010-09-20 10:57:00,80.7800,80.8840,80.6700,80.8110,50
2010-09-20 10:29:00,80.6100,80.7130,80.5000,80.6410,600
2010-09-20 10:28:00,80.6260,80.7600,80.5160,80.6870,950
2010-09-20 10:27:00,80.6260,80.7290,80.5160,80.6560,100
2010-09-20 10:26:00,80.6100,80.7130,80.5000,80.6410,100
2010-09-20 10:13:00,80.5020,80.6050,80.3920,80.5330,100
2010-09-20 10:01:00,80.1310,80.2330,80.0210,80.1610,200
2010-09-20 09:59:00,80.2080,80.3110,80.0990,80.2390,100
2010-09-20 09:48:00,80.0850,80.1870,79.9750,80.1150,100
2010-09-20 09:45:00,79.9920,80.0940,79.8820,80.0220,100
2010-09-20 09:44:00,80.0070,80.1100,79.8980,80.0380,200
2010-09-20 09:43:00,80.0380,80.1560,79.9290,80.0840,200
2010-09-20 09:42:00,80.0970,80.2000,79.9750,80.1150,160
2010-09-20 09:40:00,80.0850,80.1870,79.9600,80.0990,250
2010-09-20 09:34:00,80.1000,80.2020,79.9900,80.1300,100
2010-09-20 09:30:00,80.2080,80.3110,80.0680,80.2080,550
2010-09-20 09:29:00,80.1620,80.2640,80.0520,80.1920,500
2010-09-17 15:59:00,79.9150,80.0170,79.8050,79.9450,100
2010-09-17 15:58:00,79.8990,80.0010,79.7900,79.9290,500
2010-09-17 15:57:00,79.9300,80.0320,79.8210,79.9600,50
2010-09-17 15:56:00,79.9300,80.0480,79.8210,79.9600,1313
2010-09-17 15:53:00,79.9610,80.0630,79.8520,79.9910,150
2010-09-17 15:51:00,79.9450,80.0480,79.8360,79.9760,300
2010-09-17 15:47:00,79.9610,80.0630,79.8520,79.9910,732
2010-09-17 15:45:00,79.9450,80.0480,79.8360,79.9760,150
2010-09-17 15:42:00,79.9150,80.0170,79.8050,79.9450,150
2010-09-17 15:41:00,79.8840,79.9860,79.7740,79.9140,500
2010-09-17 15:38:00,79.9150,80.0170,79.8050,79.9450,50
2010-09-17 15:34:00,79.9150,80.0170,79.8050,79.9450,250
2010-09-17 15:33:00,79.8680,79.9860,79.7590,79.9140,800
2010-09-17 15:31:00,79.8680,79.9700,79.7430,79.8830,650
2010-09-17 15:23:00,79.8680,79.9700,79.7590,79.8980,100
2010-09-17 15:15:00,79.8680,79.9700,79.7590,79.8980,500
2010-09-17 15:11:00,79.8680,79.9700,79.7590,79.8980,405
2010-09-17 15:01:00,79.9610,80.0630,79.8520,79.9910,100
2010-09-17 14:56:00,79.9920,80.0940,79.8820,80.0220,50
2010-09-17 14:47:00,80.0070,80.1100,79.8980,80.0380,50
2010-09-17 14:36:00,80.0070,80.1100,79.8980,80.0380,250
2010-09-17 14:35:00,79.9920,80.1100,79.8820,80.0380,300
2010-09-17 14:28:00,79.9300,80.0320,79.8210,79.9600,100
2010-09-17 14:27:00,79.9450,80.0480,79.8360,79.9760,100
2010-09-17 14:24:00,79.9450,80.0480,79.8360,79.9760,500
2010-09-17 14:20:00,79.9150,80.0170,79.8050,79.9450,500
2010-09-17 14:13:00,79.9450,80.0480,79.8360,79.9760,561
2010-09-17 14:07:00,79.8840,79.9860,79.7740,79.9140,500
2010-09-17 14:01:00,79.8840,79.9860,79.7590,79.8980,300
2010-09-17 13:59:00,79.8990,80.0010,79.7740,79.9140,800
2010-09-17 13:58:00,79.9300,80.0320,79.8210,79.9600,50
2010-09-17 13:45:00,79.8680,79.9700,79.7590,79.8980,100
2010-09-17 13:44:00,79.8370,79.9390,79.7280,79.8670,150
2010-09-17 13:36:00,79.8990,80.0010,79.7900,79.9290,50
2010-09-17 13:34:00,79.8990,80.0010,79.7900,79.9290,50
2010-09-17 13:29:00,79.8680,79.9700,79.7590,79.8980,500
2010-09-17 13:02:00,79.8370,79.9390,79.7280,79.8670,50
2010-09-17 13:00:00,79.8370,79.9390,79.7280,79.8670,100
2010-09-17 12:54:00,79.8530,79.9550,79.7430,79.8830,50
2010-09-17 12:31:00,79.9450,80.0480,79.8360,79.9760,50
2010-09-17 12:30:00,79.9450,80.0630,79.8360,79.9880,600
2010-09-17 12:26:00,79.9150,80.0170,79.8050,79.9450,50
2010-09-17 12:14:00,79.8990,80.0010,79.7900,79.9290,50
2010-09-17 12:10:00,79.8990,80.0010,79.7900,79.9290,100
2010-09-17 11:54:00,79.8530,79.9550,79.7430,79.8830,50
2010-09-17 11:53:00,79.8530,79.9550,79.7430,79.8830,62
2010-09-17 11:43:00,79.8370,79.9390,79.7280,79.8670,500
2010-09-17 11:11:00,80.0540,80.1560,79.9440,80.0840,100
2010-09-17 11:09:00,80.0690,80.1710,79.9590,80.0990,100
2010-09-17 11:01:00,79.9450,80.0480,79.8360,79.9760,100
2010-09-17 10:43:00,79.8530,79.9700,79.7430,79.8980,100
2010-09-17 10:29:00,79.8530,79.9550,79.7430,79.8830,500
2010-09-17 10:27:00,79.8060,79.9080,79.6970,79.8370,100
2010-09-17 10:25:00,79.8060,79.9240,79.6970,79.8370,750
2010-09-17 10:23:00,79.8680,79.9700,79.7590,79.8980,250
2010-09-17 10:22:00,79.8220,79.9700,79.7130,79.8980,700
2010-09-17 10:21:00,79.8060,79.9240,79.6970,79.8520,400
2010-09-17 10:20:00,79.8060,79.9240,79.6970,79.8370,1600
2010-09-17 10:19:00,79.7750,79.9080,79.6510,79.8370,2000
2010-09-17 10:18:00,79.7750,79.8930,79.6660,79.8210,900
2010-09-17 10:17:00,79.7440,79.8460,79.6350,79.7750,200
2010-09-17 10:16:00,79.7440,79.8460,79.6200,79.7590,200
2010-09-17 10:15:00,79.7750,79.8770,79.6350,79.7750,1500
2010-09-17 10:14:00,79.7440,79.8930,79.6350,79.8210,1100
2010-09-17 10:13:00,79.7140,79.8620,79.5740,79.7900,500
2010-09-17 10:12:00,79.6520,79.8000,79.5430,79.7280,1750
2010-09-17 10:11:00,79.6830,79.8000,79.5740,79.7280,350
2010-09-17 10:10:00,79.7750,79.8770,79.5580,79.6970,3000
2010-09-17 10:09:00,79.7440,79.8770,79.6350,79.8060,200
2010-09-17 10:08:00,79.7600,79.8620,79.6200,79.7750,600
2010-09-17 10:07:00,79.8060,79.9080,79.6660,79.8060,1950
2010-09-17 10:06:00,79.8060,79.9080,79.6820,79.8210,12500
2010-09-17 10:04:00,79.7600,79.8770,79.6510,79.8060,250
2010-09-17 10:01:00,79.7440,79.8460,79.6350,79.7750,500
2010-09-17 09:58:00,79.8680,79.9700,79.7590,79.8980,600
2010-09-17 09:56:00,79.8060,79.9240,79.6970,79.8520,950
2010-09-17 09:55:00,79.8990,80.0630,79.7590,79.8980,287
2010-09-17 09:54:00,80.0070,80.1100,79.8980,80.0380,500
2010-09-17 09:53:00,80.0070,80.1100,79.8980,80.0380,100
2010-09-17 09:52:00,80.0230,80.1250,79.9130,80.0530,700
2010-09-17 09:50:00,80.0540,80.1560,79.9440,80.0840,50
2010-09-17 09:49:00,80.1930,80.2950,80.0830,80.2230,250
2010-09-17 09:40:00,80.2380,80.3400,80.1280,80.2680,250
2010-09-17 09:30:00,80.3170,80.4190,80.2070,80.3470,50
2010-09-16 15:57:00,79.8370,79.9390,79.7280,79.8670,100
2010-09-16 15:53:00,79.8680,79.9700,79.7590,79.8980,500
2010-09-16 15:47:00,79.8060,79.9080,79.6820,79.8210,900
2010-09-16 15:37:00,79.8220,79.9240,79.7130,79.8520,100
2010-09-16 15:32:00,79.8840,79.9860,79.7590,79.8980,550
2010-09-16 15:30:00,79.8530,79.9550,79.7430,79.8830,500
2010-09-16 15:25:00,79.7600,79.8620,79.6510,79.7900,497
2010-09-16 15:22:00,79.7440,79.8460,79.6350,79.7750,100
2010-09-16 15:19:00,79.8060,79.9080,79.6970,79.8370,100
2010-09-16 15:18:00,79.7910,79.8930,79.6820,79.8210,50
2010-09-16 15:15:00,79.7440,79.8460,79.6350,79.7750,500
2010-09-16 15:12:00,79.7440,79.8460,79.6350,79.7750,500
2010-09-16 15:09:00,79.7750,79.8770,79.6660,79.8060,600
2010-09-16 15:08:00,79.7440,79.8460,79.6350,79.7750,200
2010-09-16 15:00:00,79.6980,79.8000,79.5890,79.7280,200
2010-09-16 14:54:00,79.6980,79.8000,79.5890,79.7280,100
2010-09-16 14:51:00,79.6670,79.8000,79.5580,79.7280,700
2010-09-16 14:34:00,79.6670,79.7690,79.5580,79.6970,500
2010-09-16 14:32:00,79.6830,79.7840,79.5740,79.7130,815
2010-09-16 14:30:00,79.6830,79.8000,79.5740,79.7280,600
2010-09-16 14:24:00,79.6520,79.7530,79.5430,79.6820,100
2010-09-16 14:22:00,79.6360,79.7380,79.5270,79.6660,100
2010-09-16 14:19:00,79.6520,79.7530,79.5430,79.6820,50
2010-09-16 14:17:00,79.6670,79.7690,79.5430,79.6820,200
2010-09-16 14:15:00,79.6520,79.7530,79.5430,79.6820,100
2010-09-16 14:14:00,79.6360,79.7380,79.5270,79.6660,100
2010-09-16 14:13:00,79.6360,79.7380,79.5120,79.6510,400
2010-09-16 14:12:00,79.6520,79.7530,79.5430,79.6820,100
2010-09-16 14:11:00,79.6210,79.7220,79.5120,79.6510,100
2010-09-16 14:10:00,79.6210,79.7380,79.5120,79.6660,250
2010-09-16 14:09:00,79.6050,79.7070,79.4960,79.6350,400
2010-09-16 14:08:00,79.6050,79.7070,79.4960,79.6350,200
2010-09-16 14:07:00,79.5740,79.6920,79.4650,79.6040,4383
2010-09-16 14:02:00,79.6210,79.7220,79.5120,79.6510,500
2010-09-16 13:58:00,79.4970,79.5990,79.3880,79.5270,100
2010-09-16 13:46:00,79.5590,79.6610,79.4500,79.5890,100
2010-09-16 13:43:00,79.5430,79.6450,79.4350,79.5740,100
2010-09-16 13:16:00,79.4970,79.5990,79.3880,79.5270,200
2010-09-16 13:10:00,79.6050,79.7070,79.4960,79.6350,50
2010-09-16 13:07:00,79.6210,79.7220,79.5120,79.6510,100
2010-09-16 13:01:00,79.6050,79.7070,79.4960,79.6350,500
2010-09-16 13:00:00,79.6610,79.7630,79.5520,79.6910,329
2010-09-16 12:49:00,79.5430,79.6450,79.4350,79.5740,400
2010-09-16 12:48:00,79.5430,79.6450,79.4350,79.5740,100
2010-09-16 12:45:00,79.5900,79.6920,79.4810,79.6200,100
2010-09-16 12:37:00,79.5590,79.6610,79.4500,79.5890,500
2010-09-16 12:33:00,79.5430,79.6450,79.4350,79.5740,500
2010-09-16 12:30:00,79.4970,79.5990,79.3880,79.5270,100
2010-09-16 12:28:00,79.5120,79.6140,79.4040,79.5430,100
2010-09-16 12:27:00,79.4820,79.5830,79.3730,79.5120,100
2010-09-16 12:19:00,79.4820,79.5830,79.3730,79.5120,98
2010-09-16 12:18:00,79.4820,79.5830,79.3730,79.5120,400
2010-09-16 12:17:00,79.4660,79.5680,79.3570,79.4960,500
2010-09-16 12:16:00,79.4510,79.5520,79.3420,79.4810,500
2010-09-16 12:13:00,79.4350,79.5370,79.3260,79.4650,150
2010-09-16 12:12:00,79.4350,79.5520,79.3260,79.4810,1650
2010-09-16 12:11:00,79.4510,79.5520,79.3420,79.4810,500
2010-09-16 12:10:00,79.4820,79.5830,79.3570,79.4960,1000
2010-09-16 12:09:00,79.4970,79.5990,79.3880,79.5270,600
2010-09-16 12:08:00,79.5120,79.6140,79.4040,79.5430,500
2010-09-16 12:06:00,79.5430,79.6450,79.4190,79.5580,950
2010-09-16 12:03:00,79.5280,79.6300,79.4190,79.5580,450
2010-09-16 12:02:00,79.5280,79.6450,79.4190,79.5740,950
2010-09-16 12:00:00,79.5280,79.6300,79.4040,79.5430,950
2010-09-16 11:55:00,79.5280,79.6450,79.4190,79.5740,1000
2010-09-16 11:54:00,79.5120,79.6140,79.4040,79.5430,500
2010-09-16 11:52:00,79.4970,79.5990,79.3880,79.5270,400
2010-09-16 11:50:00,79.5120,79.6140,79.3880,79.5270,200
2010-09-16 11:49:00,79.5280,79.6300,79.4190,79.5580,50
2010-09-16 11:48:00,79.5280,79.6300,79.4040,79.5430,1050
2010-09-16 11:47:00,79.5430,79.6450,79.4350,79.5740,100
2010-09-16 11:46:00,79.5430,79.6450,79.4350,79.5740,100
2010-09-16 11:45:00,79.5430,79.6450,79.4350,79.5740,300
2010-09-16 11:42:00,79.5280,79.6300,79.4190,79.5580,500
2010-09-16 11:41:00,79.5430,79.6450,79.4350,79.5740,1000
2010-09-16 11:39:00,79.5590,79.6610,79.4500,79.5890,1000
2010-09-16 11:38:00,79.5430,79.6450,79.4350,79.5740,500
2010-09-16 11:37:00,79.5390,79.6410,79.4190,79.5580,200
2010-09-16 11:35:00,79.5280,79.6450,79.4190,79.5740,700
2010-09-16 11:34:00,79.5120,79.6140,79.4040,79.5430,500
2010-09-16 11:33:00,79.5280,79.6300,79.4190,79.5580,150
2010-09-16 11:32:00,79.5430,79.6450,79.4190,79.5580,600
2010-09-16 11:31:00,79.5430,79.6450,79.4350,79.5740,750
2010-09-16 11:30:00,79.5590,79.6610,79.4470,79.5860,700
2010-09-16 11:29:00,79.5430,79.6610,79.4350,79.5890,500
2010-09-16 11:28:00,79.5430,79.6450,79.4350,79.5740,1000
2010-09-16 11:27:00,79.5430,79.6450,79.4190,79.5580,1600
2010-09-16 11:23:00,79.6050,79.7070,79.4960,79.6350,100
2010-09-16 11:22:00,79.5900,79.6920,79.4810,79.6200,500
2010-09-16 11:13:00,79.6050,79.7070,79.4960,79.6350,100
2010-09-16 11:10:00,79.6360,79.7380,79.5270,79.6660,500
2010-09-16 11:06:00,79.6830,79.7840,79.5740,79.7130,500
2010-09-16 11:02:00,79.6360,79.7380,79.5270,79.6660,500
2010-09-16 10:52:00,79.6360,79.7530,79.5270,79.6820,1407
2010-09-16 10:45:00,79.6210,79.7380,79.5120,79.6660,600
2010-09-16 10:42:00,79.5590,79.6610,79.4500,79.5890,500
2010-09-16 10:41:00,79.5120,79.6140,79.4040,79.5430,200
2010-09-16 10:39:00,79.4820,79.5830,79.3730,79.5120,500
2010-09-16 10:35:00,79.5280,79.7220,79.4190,79.6510,3550
2010-09-16 10:30:00,79.5590,79.6610,79.4500,79.5890,500
2010-09-16 10:27:00,79.6670,79.7690,79.5270,79.6660,200
2010-09-16 10:26:00,79.6670,79.7690,79.5450,79.6840,100
2010-09-16 10:25:00,79.7140,79.8150,79.6040,79.7440,50
2010-09-16 10:22:00,79.6360,79.7380,79.5270,79.6660,500
2010-09-16 10:18:00,79.5590,79.6610,79.4500,79.5890,500
2010-09-16 10:14:00,79.6360,79.7530,79.5270,79.6820,700
2010-09-16 10:12:00,79.6830,79.7840,79.5740,79.7130,100
2010-09-16 10:10:00,79.7140,79.8150,79.6040,79.7440,500
2010-09-16 10:09:00,79.6360,79.7380,79.5270,79.6660,500
2010-09-16 10:04:00,79.7140,79.8150,79.6040,79.7440,500
2010-09-16 10:03:00,79.6360,79.7380,79.5270,79.6660,500
2010-09-16 10:02:00,79.5590,79.6610,79.4500,79.5890,500
2010-09-16 10:00:00,79.4820,79.5830,79.2960,79.5120,1500
2010-09-16 09:53:00,79.5900,79.6920,79.4810,79.6200,100
2010-09-16 09:52:00,79.5590,79.6610,79.4500,79.5890,500
2010-09-16 09:45:00,79.4820,79.5830,79.3730,79.5120,500
2010-09-16 09:43:00,79.5120,79.6140,79.4040,79.5430,100
2010-09-16 09:40:00,79.5900,79.6920,79.4500,79.5890,1000
2010-09-16 09:39:00,79.6360,79.7380,79.5270,79.6660,500
2010-09-16 09:30:00,79.6520,79.7530,79.5430,79.6820,100
2010-09-15 15:59:00,79.8680,79.9700,79.7590,79.8980,200
2010-09-15 15:55:00,79.9300,80.0320,79.8210,79.9600,550
2010-09-15 15:54:00,79.9150,80.0320,79.8050,79.9600,300
2010-09-15 15:50:00,79.8680,79.9700,79.7590,79.8980,250
2010-09-15 15:45:00,79.8370,79.9390,79.7280,79.8670,100
2010-09-15 15:38:00,79.9300,80.0320,79.8210,79.9600,97
2010-09-15 15:27:00,79.9150,80.0170,79.8050,79.9450,50
2010-09-15 15:25:00,79.8840,79.9860,79.7740,79.9140,100
2010-09-15 14:39:00,79.6050,79.7070,79.4960,79.6350,70
2010-09-15 14:35:00,79.5740,79.6760,79.4650,79.6040,300
2010-09-15 14:24:00,79.6520,79.7530,79.5430,79.6820,300
2010-09-15 14:12:00,79.7600,79.8620,79.6510,79.7900,350
2010-09-15 13:58:00,79.7600,79.8620,79.6510,79.7900,100
2010-09-15 13:42:00,79.7290,79.8460,79.6200,79.7750,788
2010-09-15 13:39:00,79.6980,79.8000,79.5870,79.7270,200
2010-09-15 13:36:00,79.7140,79.8150,79.6040,79.7440,50
2010-09-15 13:06:00,79.7140,79.8150,79.6040,79.7440,50
2010-09-15 13:02:00,79.6830,79.7840,79.5740,79.7130,50
2010-09-15 12:31:00,79.6980,79.8000,79.5890,79.7280,100
2010-09-15 12:18:00,79.6360,79.7380,79.5270,79.6660,100
2010-09-15 11:55:00,79.6730,79.7750,79.5640,79.7030,250
2010-09-15 11:46:00,79.5900,79.6920,79.4810,79.6200,50
2010-09-15 11:45:00,79.5960,79.6980,79.4870,79.6260,50
2010-09-15 11:43:00,79.5740,79.6760,79.4650,79.6040,100
2010-09-15 11:19:00,79.5280,79.6300,79.4190,79.5580,100
2010-09-15 11:14:00,79.4820,79.5830,79.3730,79.5120,150
2010-09-15 11:12:00,79.4510,79.5520,79.3420,79.4810,100
2010-09-15 10:57:00,79.5590,79.6610,79.4500,79.5890,170
2010-09-15 10:20:00,79.6360,79.7380,79.5270,79.6660,150
2010-09-15 10:16:00,79.5740,79.6760,79.4650,79.6040,100
2010-09-15 10:13:00,79.5110,79.6130,79.4020,79.5410,75
2010-09-15 10:07:00,79.4200,79.5370,79.3110,79.4650,200
2010-09-15 09:56:00,79.3270,79.4280,79.2180,79.3570,150
2010-09-15 09:54:00,79.3580,79.4590,79.2490,79.3880,151
2010-09-15 09:49:00,79.2810,79.3820,79.1720,79.3110,450
2010-09-15 09:43:00,79.2030,79.3040,79.0790,79.2180,125
2010-09-15 09:40:00,79.1720,79.2730,79.0640,79.2020,300
2010-09-15 09:39:00,79.2190,79.3200,79.1100,79.2490,100
2010-09-15 09:38:00,79.2810,79.3820,79.1570,79.2950,200
2010-09-15 09:36:00,79.2960,79.3970,79.1870,79.3260,250
2010-09-15 09:35:00,79.2340,79.3350,79.1260,79.2640,250
2010-09-15 09:34:00,79.2190,79.3350,79.1100,79.2640,500
2010-09-15 09:31:00,79.2190,79.3350,79.1100,79.2640,200
2010-09-15 09:30:00,79.3420,79.4440,79.1410,79.2800,650
2010-09-14 15:58:00,79.6670,79.7690,79.5570,79.6960,100
2010-09-14 15:55:00,79.6830,79.7840,79.5740,79.7130,100
2010-09-14 15:53:00,79.6520,79.7530,79.5430,79.6820,100
2010-09-14 15:52:00,79.6050,79.7070,79.4960,79.6350,150
2010-09-14 15:51:00,79.6980,79.8000,79.5890,79.7280,250
2010-09-14 15:50:00,79.7440,79.8460,79.6350,79.7750,100
2010-09-14 15:47:00,79.7140,79.8150,79.6040,79.7440,50
2010-09-14 15:46:00,79.7290,79.8310,79.6200,79.7590,100
2010-09-14 15:43:00,79.8220,79.9240,79.6970,79.8370,550
2010-09-14 15:40:00,79.8680,79.9700,79.7590,79.8980,100
2010-09-14 15:38:00,79.9300,80.0320,79.8210,79.9600,100
2010-09-14 15:35:00,79.9150,80.0170,79.8050,79.9450,100
2010-09-14 15:32:00,79.8840,79.9860,79.7740,79.9140,100
2010-09-14 15:30:00,79.8840,80.0010,79.7740,79.9290,200
2010-09-14 15:29:00,79.8370,79.9390,79.7280,79.8670,350
2010-09-14 15:28:00,79.8370,79.9390,79.7280,79.8670,100
2010-09-14 15:06:00,79.8060,79.9080,79.6970,79.8370,100
2010-09-14 15:03:00,79.8370,79.9390,79.7280,79.8670,450
2010-09-14 15:02:00,79.8370,79.9390,79.7280,79.8670,100
2010-09-14 15:01:00,79.8530,79.9700,79.7420,79.8810,2070
2010-09-14 15:00:00,79.8370,79.9390,79.7280,79.8670,100
2010-09-14 14:50:00,79.7750,79.9240,79.6660,79.8520,1100
2010-09-14 14:47:00,79.7750,79.8770,79.6660,79.8060,100
2010-09-14 14:46:00,79.7910,79.8930,79.6820,79.8210,100
2010-09-14 14:45:00,79.7750,79.8770,79.6660,79.8060,200
2010-09-14 14:38:00,79.7750,79.8770,79.6660,79.8060,100
2010-09-14 13:57:00,79.6360,79.7380,79.5270,79.6660,400
2010-09-14 13:54:00,79.6210,79.7380,79.5120,79.6660,712
2010-09-14 13:52:00,79.6050,79.7070,79.4960,79.6350,100
2010-09-14 13:33:00,79.7290,79.8310,79.6200,79.7590,100
2010-09-14 13:29:00,79.6980,79.8000,79.5890,79.7280,100
2010-09-14 13:26:00,79.6670,79.7690,79.5580,79.6970,100
2010-09-14 13:24:00,79.7140,79.8150,79.6040,79.7440,500
2010-09-14 13:01:00,79.7910,79.9080,79.6820,79.8370,180
2010-09-14 13:00:00,79.7800,79.8820,79.6710,79.8100,50
2010-09-14 12:57:00,79.7440,79.8460,79.6350,79.7750,200
2010-09-14 12:51:00,79.7750,79.8770,79.6660,79.8060,450
2010-09-14 12:50:00,79.7750,79.8770,79.6660,79.8060,100
2010-09-14 12:36:00,79.9150,80.0170,79.8050,79.9450,200
2010-09-14 12:30:00,79.9300,80.0320,79.8210,79.9600,75
2010-09-14 12:28:00,79.9450,80.0630,79.8360,79.9910,440
2010-09-14 12:18:00,79.9150,80.0170,79.8050,79.9450,57
2010-09-14 12:09:00,79.9610,80.0630,79.8360,79.9760,450
2010-09-14 12:08:00,80.0070,80.1100,79.8980,80.0380,75
2010-09-14 12:07:00,80.0070,80.1100,79.8980,80.0380,150
2010-09-14 12:00:00,79.9150,80.0170,79.8050,79.9450,100
2010-09-14 11:59:00,79.9300,80.0790,79.8210,80.0070,300
2010-09-14 11:58:00,79.9150,80.0320,79.8050,79.9600,650
2010-09-14 11:56:00,79.8060,79.9080,79.6970,79.8370,500
2010-09-14 11:47:00,79.8840,79.9860,79.7590,79.8980,550
2010-09-14 11:45:00,79.8840,79.9860,79.7740,79.9140,100
2010-09-14 11:44:00,79.8530,79.9550,79.7430,79.8830,450
2010-09-14 11:41:00,79.8840,79.9860,79.7740,79.9140,50
2010-09-14 11:38:00,79.7910,79.8930,79.6820,79.8210,50
2010-09-14 11:34:00,79.8370,79.9390,79.7280,79.8670,150
2010-09-14 11:31:00,79.8530,79.9550,79.7430,79.8830,100
2010-09-14 11:24:00,79.7910,79.8930,79.6820,79.8210,50
2010-09-14 11:23:00,79.7750,79.8770,79.6660,79.8060,150
2010-09-14 11:19:00,79.8370,79.9390,79.7280,79.8670,500
2010-09-14 11:12:00,79.7600,79.8620,79.6510,79.7900,100
2010-09-14 11:11:00,79.7750,79.8770,79.6660,79.8060,100
2010-09-14 11:09:00,79.7910,79.8930,79.6820,79.8210,250
2010-09-14 11:04:00,79.6980,79.8000,79.5890,79.7280,250
2010-09-14 11:03:00,79.6830,79.8000,79.5740,79.7280,567
2010-09-14 10:53:00,79.6980,79.8000,79.5890,79.7280,100
2010-09-14 10:43:00,79.4970,79.5990,79.3880,79.5270,100
2010-09-14 10:40:00,79.4820,79.5830,79.3730,79.5120,250
2010-09-14 10:39:00,79.5220,79.6230,79.4130,79.5520,355
2010-09-14 10:29:00,79.4970,79.5990,79.3880,79.5270,250
2010-09-14 10:28:00,79.4820,79.5830,79.3730,79.5120,100
2010-09-14 10:27:00,79.4510,79.5520,79.3420,79.4810,100
2010-09-14 10:24:00,79.4350,79.5370,79.3260,79.4650,100
2010-09-14 10:20:00,79.4350,79.5370,79.3260,79.4650,100
2010-09-14 10:18:00,79.3580,79.4590,79.2490,79.3880,100
2010-09-14 10:11:00,79.3730,79.4750,79.2650,79.4030,200
2010-09-14 10:07:00,79.4040,79.5060,79.2800,79.4190,700
2010-09-14 10:05:00,79.3890,79.4900,79.2800,79.4190,100
2010-09-14 10:03:00,79.3110,79.4130,79.2030,79.3410,450
2010-09-14 10:00:00,79.2960,79.3970,79.1870,79.3260,1400
2010-09-14 09:58:00,79.3300,79.4310,79.2210,79.3600,50
2010-09-14 09:57:00,79.3110,79.4280,79.2030,79.3570,1200
2010-09-14 09:56:00,79.2960,79.3970,79.1870,79.3260,450
2010-09-14 09:55:00,79.2960,79.3970,79.1870,79.3260,300
2010-09-14 09:54:00,79.3110,79.4280,79.1870,79.3260,2250
2010-09-14 09:53:00,79.3110,79.4130,79.2030,79.3410,1050
2010-09-14 09:52:00,79.2810,79.4130,79.1720,79.3410,3000
2010-09-14 09:51:00,79.2340,79.3820,79.1260,79.3110,2800
2010-09-14 09:50:00,79.1880,79.3350,79.0790,79.2640,2700
2010-09-14 09:49:00,79.2030,79.3200,79.0790,79.2490,2800
2010-09-14 09:48:00,79.1880,79.3040,79.0790,79.2330,600
2010-09-14 09:47:00,79.2190,79.3350,79.1100,79.2640,1350
2010-09-14 09:46:00,79.1570,79.3040,79.0490,79.2330,7700
2010-09-14 09:45:00,79.1570,79.2890,79.0490,79.1870,2250
2010-09-14 09:44:00,79.1880,79.2890,79.0490,79.1870,1500
2010-09-14 09:43:00,79.2650,79.3660,79.1260,79.2800,2650
2010-09-14 09:42:00,79.3110,79.4440,79.2030,79.3720,1350
2010-09-14 09:41:00,79.3110,79.4130,79.2030,79.3410,900
2010-09-14 09:39:00,79.2960,79.4590,79.1870,79.3880,2000
2010-09-14 09:38:00,79.3270,79.4440,79.2180,79.3720,1100
2010-09-14 09:36:00,79.3730,79.4750,79.2650,79.4030,100
2010-09-14 09:35:00,79.4510,79.5520,79.3420,79.4810,200
2010-09-14 09:33:00,79.5220,79.6230,79.3880,79.5270,137
2010-09-14 09:30:00,79.5120,79.6140,79.3420,79.4810,150
2010-09-13 15:56:00,79.6830,79.7840,79.5740,79.7130,2000
2010-09-13 15:49:00,79.6980,79.8000,79.5890,79.7280,50
2010-09-13 15:38:00,79.6020,79.7040,79.4930,79.6320,50
2010-09-13 15:29:00,79.5280,79.6300,79.4190,79.5580,250
2010-09-13 15:27:00,79.5120,79.6140,79.4040,79.5430,250
2010-09-13 15:26:00,79.5120,79.6140,79.4040,79.5430,250
2010-09-13 15:25:00,79.5280,79.6300,79.4190,79.5580,500
2010-09-13 15:10:00,79.4510,79.5520,79.3420,79.4810,100
2010-09-13 14:51:00,79.4660,79.5680,79.3570,79.4960,850
2010-09-13 14:47:00,79.4660,79.5680,79.3570,79.4960,200
2010-09-13 14:46:00,79.5120,79.6140,79.4040,79.5430,50
2010-09-13 14:43:00,79.4510,79.5520,79.3420,79.4810,1050
2010-09-13 14:41:00,79.4200,79.5210,79.3110,79.4500,700
2010-09-13 14:39:00,79.4350,79.5370,79.3260,79.4650,100
2010-09-13 14:33:00,79.4690,79.5710,79.3600,79.4990,50
2010-09-13 14:29:00,79.4510,79.5520,79.3420,79.4810,200
2010-09-13 14:28:00,79.4040,79.5060,79.2960,79.4340,550
2010-09-13 14:24:00,79.3730,79.4750,79.2490,79.3880,400
2010-09-13 14:23:00,79.3890,79.5060,79.2800,79.4340,650
2010-09-13 14:22:00,79.3580,79.4590,79.2490,79.3880,200
2010-09-13 14:21:00,79.3580,79.4590,79.2490,79.3880,200
2010-09-13 14:15:00,79.3240,79.4280,79.2150,79.3570,578
2010-09-13 14:11:00,79.3080,79.4100,79.2000,79.3380,240
2010-09-13 14:10:00,79.3110,79.4130,79.2030,79.3410,6600
2010-09-13 14:07:00,79.3270,79.4280,79.2180,79.3570,50
2010-09-13 14:06:00,79.3270,79.4280,79.2180,79.3570,450
2010-09-13 14:02:00,79.3730,79.4750,79.2650,79.4030,576
2010-09-13 13:57:00,79.4510,79.5520,79.3420,79.4810,50
2010-09-13 13:46:00,79.4510,79.5520,79.3420,79.4810,500
2010-09-13 13:44:00,79.4440,79.5460,79.3360,79.4750,500
2010-09-13 13:36:00,79.4820,79.5830,79.3730,79.5120,600
2010-09-13 13:28:00,79.4660,79.5680,79.3570,79.4960,250
2010-09-13 13:09:00,79.3730,79.4750,79.2650,79.4030,250
2010-09-13 12:46:00,79.3730,79.4750,79.2650,79.4030,200
2010-09-13 12:44:00,79.3890,79.4900,79.2800,79.4190,100
2010-09-13 12:42:00,79.3420,79.4440,79.2340,79.3720,1250
2010-09-13 12:41:00,79.3730,79.4750,79.2650,79.4030,1250
2010-09-13 12:40:00,79.3730,79.4750,79.2650,79.4030,50
2010-09-13 12:34:00,79.3110,79.4130,79.2030,79.3410,250
2010-09-13 12:23:00,79.3270,79.4280,79.1410,79.2800,550
2010-09-13 12:07:00,79.4820,79.5830,79.3730,79.5120,100
2010-09-13 11:55:00,79.5590,79.6610,79.4500,79.5890,100
2010-09-13 11:45:00,79.4940,79.5960,79.3850,79.5240,200
2010-09-13 11:40:00,79.6210,79.7220,79.4810,79.6200,300
2010-09-13 11:34:00,79.6210,79.7220,79.5120,79.6510,200
2010-09-13 11:26:00,79.6830,79.7840,79.5740,79.7130,150
2010-09-13 11:23:00,79.7140,79.8150,79.6040,79.7440,50
2010-09-13 11:18:00,79.7140,79.8150,79.6040,79.7440,1200
2010-09-13 10:58:00,79.6980,79.8000,79.5890,79.7280,500
2010-09-13 10:57:00,79.7140,79.8150,79.6040,79.7440,58
2010-09-13 10:53:00,79.7140,79.8150,79.6040,79.7440,600
2010-09-13 10:46:00,79.7440,79.8460,79.6350,79.7750,500
2010-09-13 10:43:00,79.7440,79.8460,79.6350,79.7750,250
2010-09-13 10:42:00,79.7290,79.8310,79.6200,79.7590,100
2010-09-13 10:41:00,79.7290,79.8310,79.6200,79.7590,241
2010-09-13 10:39:00,79.7290,79.8310,79.6200,79.7590,162
2010-09-13 10:11:00,79.6520,79.7690,79.5430,79.6970,671
2010-09-13 10:10:00,79.6670,79.7690,79.5580,79.6970,450
2010-09-13 10:09:00,79.6670,79.7690,79.5580,79.6970,100
2010-09-13 09:58:00,79.4510,79.5520,79.3420,79.4810,64
2010-09-13 09:52:00,79.5340,79.6360,79.4250,79.5640,50
2010-09-13 09:50:00,79.5280,79.6300,79.4190,79.5580,450
2010-09-13 09:49:00,79.5430,79.6450,79.4350,79.5740,350
2010-09-13 09:33:00,79.5430,79.6450,79.4350,79.5740,50
2010-09-13 09:32:00,79.5000,79.6140,79.3880,79.5430,2300
2010-09-13 09:30:00,79.6050,79.7070,79.4960,79.6350,100
2010-09-10 16:06:00,78.7700,78.8710,78.6620,78.8000,200
2010-09-10 15:57:00,78.6930,78.7930,78.5850,78.7230,100
2010-09-10 15:52:00,78.7390,78.8400,78.6320,78.7690,300
2010-09-10 15:51:00,78.7550,78.8550,78.6470,78.7850,400
2010-09-10 15:45:00,78.7390,78.8400,78.6320,78.7690,900
2010-09-10 15:40:00,78.7390,78.8400,78.6320,78.7690,250
2010-09-10 15:21:00,78.7390,78.8400,78.6320,78.7690,155
2010-09-10 14:09:00,78.6930,78.7930,78.5850,78.7230,100
2010-09-10 14:08:00,78.6930,78.7930,78.5850,78.7230,248
2010-09-10 14:05:00,78.7080,78.8090,78.6010,78.7380,500
2010-09-10 14:04:00,78.6470,78.7470,78.5390,78.6760,100
2010-09-10 13:57:00,78.6000,78.7010,78.4930,78.6300,100
2010-09-10 13:42:00,78.6770,78.7780,78.5700,78.7070,50
2010-09-10 13:02:00,78.5850,78.6850,78.4770,78.6140,100
2010-09-10 12:56:00,78.6000,78.7160,78.4930,78.6450,400
2010-09-10 12:35:00,78.4760,78.5770,78.3690,78.5060,63
2010-09-10 12:07:00,78.4150,78.5150,78.3070,78.4440,50
2010-09-10 12:01:00,78.4760,78.5770,78.3690,78.5060,550
2010-09-10 11:53:00,78.5850,78.6850,78.4770,78.6140,50
2010-09-10 11:25:00,78.6470,78.7470,78.5390,78.6760,78
2010-09-10 10:56:00,78.7080,78.8090,78.6010,78.7380,98
2010-09-10 10:55:00,78.6930,78.7930,78.5850,78.7230,73
2010-09-10 10:45:00,78.6930,78.7930,78.5850,78.7230,50
2010-09-10 10:35:00,78.7240,78.8240,78.6160,78.7540,100
2010-09-10 10:15:00,78.5850,78.6850,78.4770,78.6140,1000
2010-09-10 10:02:00,78.5540,78.6540,78.4460,78.5840,50
2010-09-10 10:00:00,78.5690,78.6700,78.4620,78.5990,100
2010-09-10 09:59:00,78.5540,78.6700,78.4460,78.5990,1500
2010-09-10 09:47:00,78.4150,78.5150,78.3070,78.4440,200
2010-09-10 09:43:00,78.4020,78.5020,78.2950,78.4320,52
2010-09-10 09:40:00,78.3470,78.4470,78.2120,78.3480,419
2010-09-10 09:32:00,78.4920,78.5920,78.3840,78.5220,200
2010-09-10 09:30:00,78.6160,78.7160,78.5080,78.6450,50
2010-09-09 15:57:00,78.3370,78.4370,78.2300,78.3670,100
2010-09-09 15:53:00,78.4150,78.5150,78.3070,78.4440,1000
2010-09-09 15:45:00,78.4460,78.5610,78.3380,78.4910,532
2010-09-09 15:44:00,78.4760,78.5770,78.3690,78.5060,1000
2010-09-09 15:35:00,78.5070,78.6080,78.4000,78.5370,50
2010-09-09 15:28:00,78.4920,78.5920,78.3840,78.5220,1000
2010-09-09 15:25:00,78.5070,78.6080,78.4000,78.5370,1000
2010-09-09 15:21:00,78.4460,78.5460,78.3380,78.4750,50
2010-09-09 15:11:00,78.4300,78.5300,78.3230,78.4600,50
2010-09-09 15:07:00,78.4610,78.5770,78.3540,78.5060,3100
2010-09-09 15:02:00,78.3840,78.4840,78.2760,78.4130,100
2010-09-09 15:00:00,78.3990,78.4990,78.2920,78.4290,625
2010-09-09 14:57:00,78.3370,78.4370,78.2300,78.3670,50
2010-09-09 14:39:00,78.2910,78.3910,78.1840,78.3210,500
2010-09-09 14:33:00,78.2910,78.3910,78.1840,78.3210,500
2010-09-09 14:28:00,78.2290,78.3290,78.1220,78.2590,250
2010-09-09 14:20:00,78.2140,78.3140,78.1070,78.2430,500
2010-09-09 14:19:00,78.2290,78.3290,78.1220,78.2590,50
2010-09-09 14:08:00,78.1980,78.2980,78.0910,78.2280,500
2010-09-09 13:51:00,78.3370,78.4370,78.2300,78.3670,200
2010-09-09 13:49:00,78.3220,78.4220,78.2150,78.3510,200
2010-09-09 13:45:00,78.2750,78.3750,78.1680,78.3050,200
2010-09-09 13:43:00,78.3060,78.4060,78.1990,78.3360,250
2010-09-09 13:14:00,78.2290,78.3290,78.1220,78.2590,250
2010-09-09 12:45:00,78.5690,78.6700,78.4620,78.5990,500
2010-09-09 12:06:00,78.6310,78.7320,78.5230,78.6610,500
2010-09-09 12:01:00,78.5850,78.6850,78.4770,78.6140,500
2010-09-09 11:43:00,78.6770,78.7780,78.5700,78.7070,50
2010-09-09 11:42:00,78.6770,78.7780,78.5700,78.7070,50
2010-09-09 11:10:00,78.6160,78.7160,78.5080,78.6450,500
2010-09-09 10:59:00,78.4610,78.5610,78.3540,78.4910,350
2010-09-09 10:58:00,78.4920,78.5920,78.3840,78.5220,500
2010-09-09 10:55:00,78.5230,78.6230,78.4150,78.5530,154
2010-09-09 10:51:00,78.5540,78.6540,78.4150,78.5530,1000
2010-09-09 10:44:00,78.4760,78.5770,78.3690,78.5060,66
2010-09-09 10:39:00,78.4760,78.5770,78.3690,78.5060,200
2010-09-09 10:34:00,78.4610,78.5610,78.3540,78.4910,100
2010-09-09 10:31:00,78.5230,78.6390,78.4150,78.5680,500
2010-09-09 10:26:00,78.5380,78.6390,78.4310,78.5680,250
2010-09-09 10:20:00,78.5230,78.6390,78.4150,78.5680,900
2010-09-09 10:13:00,78.4920,78.5920,78.3840,78.5220,100
2010-09-09 10:12:00,78.5380,78.6390,78.3840,78.5220,950
2010-09-09 10:11:00,78.5540,78.6540,78.4150,78.5530,150
2010-09-09 10:10:00,78.5850,78.6850,78.4770,78.6140,75
2010-09-09 10:08:00,78.6000,78.7010,78.4770,78.6140,300
2010-09-09 10:07:00,78.6310,78.7320,78.4930,78.6300,550
2010-09-09 10:06:00,78.6470,78.7470,78.5390,78.6760,895
2010-09-09 10:03:00,78.6470,78.7470,78.5390,78.6760,250
2010-09-09 10:01:00,78.6470,78.7470,78.5390,78.6760,50
2010-09-09 10:00:00,78.6620,78.7630,78.5540,78.6920,265
2010-09-09 09:57:00,78.6620,78.7630,78.5540,78.6920,50
2010-09-09 09:53:00,78.6000,78.7160,78.4930,78.6450,400
2010-09-09 09:50:00,78.5850,78.6850,78.4770,78.6140,50
2010-09-09 09:49:00,78.6000,78.7010,78.4930,78.6300,50
2010-09-09 09:47:00,78.6000,78.7010,78.4930,78.6300,50
2010-09-09 09:46:00,78.5850,78.6850,78.4770,78.6140,400
2010-09-09 09:44:00,78.5690,78.7160,78.4620,78.6450,750
2010-09-09 09:36:00,79.0640,79.1650,78.9560,79.0940,100
2010-09-09 09:33:00,79.0800,79.1810,78.9710,79.1090,200
2010-09-09 09:31:00,78.3990,78.4990,78.2920,78.4290,100
2010-09-09 09:30:00,79.2500,79.3510,78.3230,78.5060,2600
